ID,Keyword,Cluster,Intent,Priority,TargetURL,ContentType,FunnelStage,Status
1,"instagram reel downloader",core-instagram-reel-downloader,transactional,P1,/instagram-reel-downloader,tool-page,bottom,mapped
2,"instagram reels downloader",core-instagram-reel-downloader,transactional,P1,/instagram-reel-downloader,tool-page,bottom,mapped
3,"instagram reel download",core-instagram-reel-downloader,transactional,P1,/instagram-reel-downloader,tool-page,bottom,mapped
4,"instagram reels download",core-instagram-reel-downloader,transactional,P1,/instagram-reel-downloader,tool-page,bottom,mapped
5,"download instagram reel",core-instagram-reel-downloader,transactional,P1,/instagram-reel-downloader,tool-page,bottom,mapped
6,"download instagram reels",core-instagram-reel-downloader,transactional,P1,/instagram-reel-downloader,tool-page,bottom,mapped
7,"download reels from instagram",core-instagram-reel-downloader,transactional,P1,/instagram-reel-downloader,tool-page,bottom,mapped
8,"instagram reel downloader online",core-instagram-reel-downloader,transactional,P1,/instagram-reel-downloader,tool-page,bottom,mapped
9,"instagram reels downloader online",core-instagram-reel-downloader,transactional,P1,/instagram-reel-downloader,tool-page,bottom,mapped
10,"online instagram reel downloader",core-instagram-reel-downloader,transactional,P1,/instagram-reel-downloader,tool-page,bottom,mapped
11,"online instagram reels downloader",core-instagram-reel-downloader,transactional,P1,/instagram-reel-downloader,tool-page,bottom,mapped
12,"instagram reel download online",core-instagram-reel-downloader,transactional,P1,/instagram-reel-downloader,tool-page,bottom,mapped
13,"instagram reels download online",core-instagram-reel-downloader,transactional,P1,/instagram-reel-downloader,tool-page,bottom,mapped
14,"free instagram reel downloader",core-instagram-reel-downloader,transactional,P1,/instagram-reel-downloader,tool-page,bottom,mapped
15,"free instagram reels downloader",core-instagram-reel-downloader,transactional,P1,/instagram-reel-downloader,tool-page,bottom,mapped
16,"free instagram reel download",core-instagram-reel-downloader,transactional,P1,/instagram-reel-downloader,tool-page,bottom,mapped
17,"free instagram reels download",core-instagram-reel-downloader,transactional,P1,/instagram-reel-downloader,tool-page,bottom,mapped
18,"instagram reel downloader free",core-instagram-reel-downloader,transactional,P1,/instagram-reel-downloader,tool-page,bottom,mapped
19,"instagram reels downloader free",core-instagram-reel-downloader,transactional,P1,/instagram-reel-downloader,tool-page,bottom,mapped
20,"instagram reel download free",core-instagram-reel-downloader,transactional,P1,/instagram-reel-downloader,tool-page,bottom,mapped
21,"instagram reels download free",core-instagram-reel-downloader,transactional,P1,/instagram-reel-downloader,tool-page,bottom,mapped
22,"instagram reel downloader website",core-instagram-reel-downloader,transactional,P1,/instagram-reel-downloader,tool-page,bottom,mapped
23,"instagram reels downloader website",core-instagram-reel-downloader,transactional,P1,/instagram-reel-downloader,tool-page,bottom,mapped
24,"instagram reel download website",core-instagram-reel-downloader,transactional,P1,/instagram-reel-downloader,tool-page,bottom,mapped
25,"instagram reels download website",core-instagram-reel-downloader,transactional,P1,/instagram-reel-downloader,tool-page,bottom,mapped
26,"instagram reel downloader tool",core-instagram-reel-downloader,transactional,P1,/instagram-reel-downloader,tool-page,bottom,mapped
27,"instagram reels downloader tool",core-instagram-reel-downloader,transactional,P1,/instagram-reel-downloader,tool-page,bottom,mapped
28,"instagram reel download tool",core-instagram-reel-downloader,transactional,P1,/instagram-reel-downloader,tool-page,bottom,mapped
29,"instagram reels download tool",core-instagram-reel-downloader,transactional,P1,/instagram-reel-downloader,tool-page,bottom,mapped
30,"instagram reel downloader online free",core-instagram-reel-downloader,transactional,P1,/instagram-reel-downloader,tool-page,bottom,mapped
31,"instagram reels downloader online free",core-instagram-reel-downloader,transactional,P1,/instagram-reel-downloader,tool-page,bottom,mapped
32,"download instagram reels online",core-instagram-reel-downloader,transactional,P1,/instagram-reel-downloader,tool-page,bottom,mapped
33,"download instagram reel online",core-instagram-reel-downloader,transactional,P1,/instagram-reel-downloader,tool-page,bottom,mapped
34,"download reels online instagram",core-instagram-reel-downloader,transactional,P1,/instagram-reel-downloader,tool-page,bottom,mapped
35,"reels download online",core-instagram-reel-downloader,transactional,P1,/instagram-reel-downloader,tool-page,bottom,mapped
36,"instagram reel downloader web",core-instagram-reel-downloader,transactional,P1,/instagram-reel-downloader,tool-page,bottom,mapped
37,"instagram reels downloader web",core-instagram-reel-downloader,transactional,P1,/instagram-reel-downloader,tool-page,bottom,mapped
38,"instagram reel download web",core-instagram-reel-downloader,transactional,P1,/instagram-reel-downloader,tool-page,bottom,mapped
39,"instagram reels download web",core-instagram-reel-downloader,transactional,P1,/instagram-reel-downloader,tool-page,bottom,mapped
40,"online reel downloader instagram",core-instagram-reel-downloader,transactional,P1,/instagram-reel-downloader,tool-page,bottom,mapped
41,"reel downloader",reel-downloader,transactional,P1,/reel-downloader,tool-page,bottom,mapped
42,"reels downloader",reel-downloader,transactional,P1,/reel-downloader,tool-page,bottom,mapped
43,"reel download",reel-downloader,transactional,P1,/reel-downloader,tool-page,bottom,mapped
44,"reels download",reel-downloader,transactional,P1,/reel-downloader,tool-page,bottom,mapped
45,"reel downloader online",reel-downloader,transactional,P1,/reel-downloader,tool-page,bottom,mapped
46,"reels downloader online",reel-downloader,transactional,P1,/reel-downloader,tool-page,bottom,mapped
47,"reel download online",reel-downloader,transactional,P1,/reel-downloader,tool-page,bottom,mapped
48,"reels download online",reel-downloader,transactional,P1,/reel-downloader,tool-page,bottom,mapped
49,"reel downloader free",reel-downloader,transactional,P1,/reel-downloader,tool-page,bottom,mapped
50,"reels downloader free",reel-downloader,transactional,P1,/reel-downloader,tool-page,bottom,mapped
51,"free reel downloader",reel-downloader,transactional,P1,/reel-downloader,tool-page,bottom,mapped
52,"free reels downloader",reel-downloader,transactional,P1,/reel-downloader,tool-page,bottom,mapped
53,"online reel downloader",reel-downloader,transactional,P1,/reel-downloader,tool-page,bottom,mapped
54,"online reels downloader",reel-downloader,transactional,P1,/reel-downloader,tool-page,bottom,mapped
55,"reel downloader website",reel-downloader,transactional,P1,/reel-downloader,tool-page,bottom,mapped
56,"reels downloader website",reel-downloader,transactional,P1,/reel-downloader,tool-page,bottom,mapped
57,"reel download website",reel-downloader,transactional,P1,/reel-downloader,tool-page,bottom,mapped
58,"reels download website",reel-downloader,transactional,P1,/reel-downloader,tool-page,bottom,mapped
59,"reel downloader tool",reel-downloader,transactional,P1,/reel-downloader,tool-page,bottom,mapped
60,"reels downloader tool",reel-downloader,transactional,P1,/reel-downloader,tool-page,bottom,mapped
61,"reel download tool",reel-downloader,transactional,P1,/reel-downloader,tool-page,bottom,mapped
62,"reels download tool",reel-downloader,transactional,P1,/reel-downloader,tool-page,bottom,mapped
63,"reel saver",reel-downloader,transactional,P1,/reel-downloader,tool-page,bottom,mapped
64,"reels saver",reel-downloader,transactional,P1,/reel-downloader,tool-page,bottom,mapped
65,"reel saver online",reel-downloader,transactional,P1,/reel-downloader,tool-page,bottom,mapped
66,"reels saver online",reel-downloader,transactional,P1,/reel-downloader,tool-page,bottom,mapped
67,"reel saving tool",reel-downloader,transactional,P1,/reel-downloader,tool-page,bottom,mapped
68,"reels saving tool",reel-downloader,transactional,P1,/reel-downloader,tool-page,bottom,mapped
69,"download a reel",reel-downloader,transactional,P1,/reel-downloader,tool-page,bottom,mapped
70,"download reels",reel-downloader,transactional,P1,/reel-downloader,tool-page,bottom,mapped
71,"save a reel",reel-downloader,transactional,P1,/reel-downloader,tool-page,bottom,mapped
72,"save reels",reel-downloader,transactional,P1,/reel-downloader,tool-page,bottom,mapped
73,"download reel online",reel-downloader,transactional,P1,/reel-downloader,tool-page,bottom,mapped
74,"download reels online",reel-downloader,transactional,P1,/reel-downloader,tool-page,bottom,mapped
75,"reel downloader web",reel-downloader,transactional,P1,/reel-downloader,tool-page,bottom,mapped
76,"reels downloader web",reel-downloader,transactional,P1,/reel-downloader,tool-page,bottom,mapped
77,"reel download web",reel-downloader,transactional,P1,/reel-downloader,tool-page,bottom,mapped
78,"reels download web",reel-downloader,transactional,P1,/reel-downloader,tool-page,bottom,mapped
79,"online reel download tool",reel-downloader,transactional,P1,/reel-downloader,tool-page,bottom,mapped
80,"online reels download tool",reel-downloader,transactional,P1,/reel-downloader,tool-page,bottom,mapped
81,"instagram video downloader",instagram-video-downloader,transactional,P1,/instagram-video-downloader,tool-page,bottom,mapped
82,"instagram video download",instagram-video-downloader,transactional,P1,/instagram-video-downloader,tool-page,bottom,mapped
83,"download instagram video",instagram-video-downloader,transactional,P1,/instagram-video-downloader,tool-page,bottom,mapped
84,"instagram video downloader online",instagram-video-downloader,transactional,P1,/instagram-video-downloader,tool-page,bottom,mapped
85,"instagram video download online",instagram-video-downloader,transactional,P1,/instagram-video-downloader,tool-page,bottom,mapped
86,"free instagram video downloader",instagram-video-downloader,transactional,P1,/instagram-video-downloader,tool-page,bottom,mapped
87,"free instagram video download",instagram-video-downloader,transactional,P1,/instagram-video-downloader,tool-page,bottom,mapped
88,"instagram video downloader free",instagram-video-downloader,transactional,P1,/instagram-video-downloader,tool-page,bottom,mapped
89,"instagram video download free",instagram-video-downloader,transactional,P1,/instagram-video-downloader,tool-page,bottom,mapped
90,"instagram video saver",instagram-video-downloader,transactional,P1,/instagram-video-downloader,tool-page,bottom,mapped
91,"instagram video saver online",instagram-video-downloader,transactional,P1,/instagram-video-downloader,tool-page,bottom,mapped
92,"instagram video downloader website",instagram-video-downloader,transactional,P1,/instagram-video-downloader,tool-page,bottom,mapped
93,"instagram video download website",instagram-video-downloader,transactional,P1,/instagram-video-downloader,tool-page,bottom,mapped
94,"instagram video download tool",instagram-video-downloader,transactional,P1,/instagram-video-downloader,tool-page,bottom,mapped
95,"instagram video downloader tool",instagram-video-downloader,transactional,P1,/instagram-video-downloader,tool-page,bottom,mapped
96,"online instagram video downloader",instagram-video-downloader,transactional,P1,/instagram-video-downloader,tool-page,bottom,mapped
97,"online instagram video download",instagram-video-downloader,transactional,P1,/instagram-video-downloader,tool-page,bottom,mapped
98,"download instagram videos online",instagram-video-downloader,transactional,P1,/instagram-video-downloader,tool-page,bottom,mapped
99,"download instagram video online",instagram-video-downloader,transactional,P1,/instagram-video-downloader,tool-page,bottom,mapped
100,"instagram videos downloader",instagram-video-downloader,transactional,P1,/instagram-video-downloader,tool-page,bottom,mapped
101,"instagram videos download",instagram-video-downloader,transactional,P1,/instagram-video-downloader,tool-page,bottom,mapped
102,"download videos from instagram",instagram-video-downloader,transactional,P1,/instagram-video-downloader,tool-page,bottom,mapped
103,"save instagram video",instagram-video-downloader,transactional,P1,/instagram-video-downloader,tool-page,bottom,mapped
104,"save instagram videos",instagram-video-downloader,transactional,P1,/instagram-video-downloader,tool-page,bottom,mapped
105,"instagram video saver online free",instagram-video-downloader,transactional,P1,/instagram-video-downloader,tool-page,bottom,mapped
106,"instagram video downloader online free",instagram-video-downloader,transactional,P1,/instagram-video-downloader,tool-page,bottom,mapped
107,"instagram video download online free",instagram-video-downloader,transactional,P1,/instagram-video-downloader,tool-page,bottom,mapped
108,"free online instagram video downloader",instagram-video-downloader,transactional,P1,/instagram-video-downloader,tool-page,bottom,mapped
109,"instagram video download tool online",instagram-video-downloader,transactional,P1,/instagram-video-downloader,tool-page,bottom,mapped
110,"instagram video downloader web",instagram-video-downloader,transactional,P1,/instagram-video-downloader,tool-page,bottom,mapped
111,"public instagram reel downloader",public-content,transactional,P1,/public-instagram-reel-downloader,landing-page,bottom,mapped
112,"public instagram reels downloader",public-content,transactional,P1,/public-instagram-reel-downloader,landing-page,bottom,mapped
113,"public reel downloader",public-content,transactional,P1,/public-instagram-reel-downloader,landing-page,bottom,mapped
114,"public reels downloader",public-content,transactional,P1,/public-instagram-reel-downloader,landing-page,bottom,mapped
115,"public instagram reel download",public-content,transactional,P1,/public-instagram-reel-downloader,landing-page,bottom,mapped
116,"public instagram reels download",public-content,transactional,P1,/public-instagram-reel-downloader,landing-page,bottom,mapped
117,"download public instagram reel",public-content,transactional,P1,/public-instagram-reel-downloader,landing-page,bottom,mapped
118,"download public instagram reels",public-content,transactional,P1,/public-instagram-reel-downloader,landing-page,bottom,mapped
119,"download public reel",public-content,transactional,P1,/public-instagram-reel-downloader,landing-page,bottom,mapped
120,"download public reels",public-content,transactional,P1,/public-instagram-reel-downloader,landing-page,bottom,mapped
121,"public instagram video downloader",public-content,transactional,P1,/public-instagram-reel-downloader,landing-page,bottom,mapped
122,"public instagram video download",public-content,transactional,P1,/public-instagram-reel-downloader,landing-page,bottom,mapped
123,"download public instagram video",public-content,transactional,P1,/public-instagram-reel-downloader,landing-page,bottom,mapped
124,"download public instagram videos",public-content,transactional,P1,/public-instagram-reel-downloader,landing-page,bottom,mapped
125,"public instagram media downloader",public-content,transactional,P1,/public-instagram-reel-downloader,landing-page,bottom,mapped
126,"public instagram media download",public-content,transactional,P1,/public-instagram-reel-downloader,landing-page,bottom,mapped
127,"public reel download online",public-content,transactional,P1,/public-instagram-reel-downloader,landing-page,bottom,mapped
128,"public reels download online",public-content,transactional,P1,/public-instagram-reel-downloader,landing-page,bottom,mapped
129,"public instagram downloader",public-content,transactional,P1,/public-instagram-reel-downloader,landing-page,bottom,mapped
130,"public instagram downloader online",public-content,transactional,P1,/public-instagram-reel-downloader,landing-page,bottom,mapped
131,"public instagram video downloader online",public-content,transactional,P1,/public-instagram-reel-downloader,landing-page,bottom,mapped
132,"public instagram reel downloader online",public-content,transactional,P1,/public-instagram-reel-downloader,landing-page,bottom,mapped
133,"public reel downloader online",public-content,transactional,P1,/public-instagram-reel-downloader,landing-page,bottom,mapped
134,"public reels downloader online",public-content,transactional,P1,/public-instagram-reel-downloader,landing-page,bottom,mapped
135,"public instagram reel saver",public-content,transactional,P1,/public-instagram-reel-downloader,landing-page,bottom,mapped
136,"public instagram reels saver",public-content,transactional,P1,/public-instagram-reel-downloader,landing-page,bottom,mapped
137,"save public instagram reel",public-content,transactional,P1,/public-instagram-reel-downloader,landing-page,bottom,mapped
138,"save public instagram reels",public-content,transactional,P1,/public-instagram-reel-downloader,landing-page,bottom,mapped
139,"save public instagram video",public-content,transactional,P1,/public-instagram-reel-downloader,landing-page,bottom,mapped
140,"download public Instagram content",public-content,transactional,P1,/public-instagram-reel-downloader,landing-page,bottom,mapped
141,"instagram reel url downloader",url-searches,transactional,P2,/instagram-reel-downloader,tool-page,bottom,mapped
142,"instagram reels url downloader",url-searches,transactional,P2,/instagram-reel-downloader,tool-page,bottom,mapped
143,"instagram reel link downloader",url-searches,transactional,P2,/instagram-reel-downloader,tool-page,bottom,mapped
144,"instagram reels link downloader",url-searches,transactional,P2,/instagram-reel-downloader,tool-page,bottom,mapped
145,"instagram reel link download",url-searches,transactional,P2,/instagram-reel-downloader,tool-page,bottom,mapped
146,"instagram reels link download",url-searches,transactional,P2,/instagram-reel-downloader,tool-page,bottom,mapped
147,"download instagram reel link",url-searches,transactional,P2,/instagram-reel-downloader,tool-page,bottom,mapped
148,"download instagram reels link",url-searches,transactional,P2,/instagram-reel-downloader,tool-page,bottom,mapped
149,"reel url downloader",url-searches,transactional,P2,/instagram-reel-downloader,tool-page,bottom,mapped
150,"reels url downloader",url-searches,transactional,P2,/instagram-reel-downloader,tool-page,bottom,mapped
151,"reel link downloader",url-searches,transactional,P2,/instagram-reel-downloader,tool-page,bottom,mapped
152,"reels link downloader",url-searches,transactional,P2,/instagram-reel-downloader,tool-page,bottom,mapped
153,"instagram url downloader",url-searches,transactional,P2,/instagram-reel-downloader,tool-page,bottom,mapped
154,"instagram link downloader",url-searches,transactional,P2,/instagram-reel-downloader,tool-page,bottom,mapped
155,"instagram video url downloader",url-searches,transactional,P2,/instagram-reel-downloader,tool-page,bottom,mapped
156,"instagram video link downloader",url-searches,transactional,P2,/instagram-reel-downloader,tool-page,bottom,mapped
157,"instagram media url downloader",url-searches,transactional,P2,/instagram-reel-downloader,tool-page,bottom,mapped
158,"paste instagram reel url",url-searches,transactional,P2,/instagram-reel-downloader,tool-page,bottom,mapped
159,"paste instagram reel link",url-searches,transactional,P2,/instagram-reel-downloader,tool-page,bottom,mapped
160,"download from instagram url",url-searches,transactional,P2,/instagram-reel-downloader,tool-page,bottom,mapped
161,"download from instagram link",url-searches,transactional,P2,/instagram-reel-downloader,tool-page,bottom,mapped
162,"instagram reel URL download",url-searches,transactional,P2,/instagram-reel-downloader,tool-page,bottom,mapped
163,"instagram reels URL download",url-searches,transactional,P2,/instagram-reel-downloader,tool-page,bottom,mapped
164,"instagram reel link download online",url-searches,transactional,P2,/instagram-reel-downloader,tool-page,bottom,mapped
165,"instagram reels link download online",url-searches,transactional,P2,/instagram-reel-downloader,tool-page,bottom,mapped
166,"reel URL download online",url-searches,transactional,P2,/instagram-reel-downloader,tool-page,bottom,mapped
167,"reels URL download online",url-searches,transactional,P2,/instagram-reel-downloader,tool-page,bottom,mapped
168,"Instagram video URL download",url-searches,transactional,P2,/instagram-reel-downloader,tool-page,bottom,mapped
169,"Instagram video link download",url-searches,transactional,P2,/instagram-reel-downloader,tool-page,bottom,mapped
170,"public reel URL downloader",url-searches,transactional,P2,/instagram-reel-downloader,tool-page,bottom,mapped
171,"instagram reel mp4 downloader",mp4-format,transactional,P2,/instagram-reel-downloader,tool-page,bottom,mapped
172,"instagram reels mp4 downloader",mp4-format,transactional,P2,/instagram-reel-downloader,tool-page,bottom,mapped
173,"instagram reel mp4 download",mp4-format,transactional,P2,/instagram-reel-downloader,tool-page,bottom,mapped
174,"instagram reels mp4 download",mp4-format,transactional,P2,/instagram-reel-downloader,tool-page,bottom,mapped
175,"download instagram reel mp4",mp4-format,transactional,P2,/instagram-reel-downloader,tool-page,bottom,mapped
176,"download instagram reels mp4",mp4-format,transactional,P2,/instagram-reel-downloader,tool-page,bottom,mapped
177,"reel mp4 downloader",mp4-format,transactional,P2,/instagram-reel-downloader,tool-page,bottom,mapped
178,"reels mp4 downloader",mp4-format,transactional,P2,/instagram-reel-downloader,tool-page,bottom,mapped
179,"reel mp4 download",mp4-format,transactional,P2,/instagram-reel-downloader,tool-page,bottom,mapped
180,"reels mp4 download",mp4-format,transactional,P2,/instagram-reel-downloader,tool-page,bottom,mapped
181,"download reel as mp4",mp4-format,transactional,P2,/instagram-reel-downloader,tool-page,bottom,mapped
182,"download reels as mp4",mp4-format,transactional,P2,/instagram-reel-downloader,tool-page,bottom,mapped
183,"instagram video mp4 downloader",mp4-format,transactional,P2,/instagram-reel-downloader,tool-page,bottom,mapped
184,"instagram video mp4 download",mp4-format,transactional,P2,/instagram-reel-downloader,tool-page,bottom,mapped
185,"download instagram video mp4",mp4-format,transactional,P2,/instagram-reel-downloader,tool-page,bottom,mapped
186,"download instagram videos mp4",mp4-format,transactional,P2,/instagram-reel-downloader,tool-page,bottom,mapped
187,"instagram mp4 downloader",mp4-format,transactional,P2,/instagram-reel-downloader,tool-page,bottom,mapped
188,"instagram mp4 download",mp4-format,transactional,P2,/instagram-reel-downloader,tool-page,bottom,mapped
189,"reel to mp4",mp4-format,transactional,P2,/instagram-reel-downloader,tool-page,bottom,mapped
190,"reels to mp4",mp4-format,transactional,P2,/instagram-reel-downloader,tool-page,bottom,mapped
191,"instagram reel video mp4",mp4-format,transactional,P2,/instagram-reel-downloader,tool-page,bottom,mapped
192,"instagram reels video mp4",mp4-format,transactional,P2,/instagram-reel-downloader,tool-page,bottom,mapped
193,"reel video mp4 downloader",mp4-format,transactional,P2,/instagram-reel-downloader,tool-page,bottom,mapped
194,"reels video mp4 downloader",mp4-format,transactional,P2,/instagram-reel-downloader,tool-page,bottom,mapped
195,"public reel mp4 download",mp4-format,transactional,P2,/instagram-reel-downloader,tool-page,bottom,mapped
196,"public instagram reel mp4",mp4-format,transactional,P2,/instagram-reel-downloader,tool-page,bottom,mapped
197,"instagram reel download mp4 online",mp4-format,transactional,P2,/instagram-reel-downloader,tool-page,bottom,mapped
198,"instagram reels download mp4 online",mp4-format,transactional,P2,/instagram-reel-downloader,tool-page,bottom,mapped
199,"free instagram reel mp4 downloader",mp4-format,transactional,P2,/instagram-reel-downloader,tool-page,bottom,mapped
200,"online reel mp4 downloader",mp4-format,transactional,P2,/instagram-reel-downloader,tool-page,bottom,mapped
201,"free reel downloader",free-online,transactional,P1,/instagram-reel-downloader,tool-page,bottom,mapped
202,"free reels downloader",free-online,transactional,P1,/instagram-reel-downloader,tool-page,bottom,mapped
203,"free instagram reel downloader",free-online,transactional,P1,/instagram-reel-downloader,tool-page,bottom,mapped
204,"free instagram reels downloader",free-online,transactional,P1,/instagram-reel-downloader,tool-page,bottom,mapped
205,"free instagram video downloader",free-online,transactional,P1,/instagram-reel-downloader,tool-page,bottom,mapped
206,"free instagram video download",free-online,transactional,P1,/instagram-reel-downloader,tool-page,bottom,mapped
207,"free online reel downloader",free-online,transactional,P1,/instagram-reel-downloader,tool-page,bottom,mapped
208,"free online reels downloader",free-online,transactional,P1,/instagram-reel-downloader,tool-page,bottom,mapped
209,"free online instagram reel downloader",free-online,transactional,P1,/instagram-reel-downloader,tool-page,bottom,mapped
210,"free online instagram video downloader",free-online,transactional,P1,/instagram-reel-downloader,tool-page,bottom,mapped
211,"online free reel downloader",free-online,transactional,P1,/instagram-reel-downloader,tool-page,bottom,mapped
212,"online free reels downloader",free-online,transactional,P1,/instagram-reel-downloader,tool-page,bottom,mapped
213,"online free instagram downloader",free-online,transactional,P1,/instagram-reel-downloader,tool-page,bottom,mapped
214,"online free instagram video downloader",free-online,transactional,P1,/instagram-reel-downloader,tool-page,bottom,mapped
215,"reel downloader free online",free-online,transactional,P1,/instagram-reel-downloader,tool-page,bottom,mapped
216,"reels downloader free online",free-online,transactional,P1,/instagram-reel-downloader,tool-page,bottom,mapped
217,"instagram reel downloader free online",free-online,transactional,P1,/instagram-reel-downloader,tool-page,bottom,mapped
218,"instagram reels downloader free online",free-online,transactional,P1,/instagram-reel-downloader,tool-page,bottom,mapped
219,"instagram video downloader free online",free-online,transactional,P1,/instagram-reel-downloader,tool-page,bottom,mapped
220,"download reel free online",free-online,transactional,P1,/instagram-reel-downloader,tool-page,bottom,mapped
221,"download reels free online",free-online,transactional,P1,/instagram-reel-downloader,tool-page,bottom,mapped
222,"download instagram reel free online",free-online,transactional,P1,/instagram-reel-downloader,tool-page,bottom,mapped
223,"download instagram reels free online",free-online,transactional,P1,/instagram-reel-downloader,tool-page,bottom,mapped
224,"download instagram video free online",free-online,transactional,P1,/instagram-reel-downloader,tool-page,bottom,mapped
225,"free reel download website",free-online,transactional,P1,/instagram-reel-downloader,tool-page,bottom,mapped
226,"free reels download website",free-online,transactional,P1,/instagram-reel-downloader,tool-page,bottom,mapped
227,"free instagram reel download website",free-online,transactional,P1,/instagram-reel-downloader,tool-page,bottom,mapped
228,"free instagram video download website",free-online,transactional,P1,/instagram-reel-downloader,tool-page,bottom,mapped
229,"free reel download tool",free-online,transactional,P1,/instagram-reel-downloader,tool-page,bottom,mapped
230,"free reels download tool",free-online,transactional,P1,/instagram-reel-downloader,tool-page,bottom,mapped
231,"instagram reel downloader without app",no-app-browser,informational,P2,/guides/how-to-download-instagram-reels,guide,middle,mapped
232,"instagram reels downloader without app",no-app-browser,informational,P2,/guides/how-to-download-instagram-reels,guide,middle,mapped
233,"download instagram reels without app",no-app-browser,informational,P2,/guides/how-to-download-instagram-reels,guide,middle,mapped
234,"download instagram reel without app",no-app-browser,informational,P2,/guides/how-to-download-instagram-reels,guide,middle,mapped
235,"save instagram reels without app",no-app-browser,informational,P2,/guides/how-to-download-instagram-reels,guide,middle,mapped
236,"instagram video downloader without app",no-app-browser,informational,P2,/guides/how-to-download-instagram-reels,guide,middle,mapped
237,"download instagram video without app",no-app-browser,informational,P2,/guides/how-to-download-instagram-reels,guide,middle,mapped
238,"reel downloader without app",no-app-browser,informational,P2,/guides/how-to-download-instagram-reels,guide,middle,mapped
239,"reels downloader without app",no-app-browser,informational,P2,/guides/how-to-download-instagram-reels,guide,middle,mapped
240,"download reels without app",no-app-browser,informational,P2,/guides/how-to-download-instagram-reels,guide,middle,mapped
241,"save reels without app",no-app-browser,informational,P2,/guides/how-to-download-instagram-reels,guide,middle,mapped
242,"instagram reel downloader browser",no-app-browser,informational,P2,/guides/how-to-download-instagram-reels,guide,middle,mapped
243,"instagram reels downloader browser",no-app-browser,informational,P2,/guides/how-to-download-instagram-reels,guide,middle,mapped
244,"reel downloader browser",no-app-browser,informational,P2,/guides/how-to-download-instagram-reels,guide,middle,mapped
245,"reels downloader browser",no-app-browser,informational,P2,/guides/how-to-download-instagram-reels,guide,middle,mapped
246,"instagram reel download browser",no-app-browser,informational,P2,/guides/how-to-download-instagram-reels,guide,middle,mapped
247,"instagram reels download browser",no-app-browser,informational,P2,/guides/how-to-download-instagram-reels,guide,middle,mapped
248,"download instagram reels from browser",no-app-browser,informational,P2,/guides/how-to-download-instagram-reels,guide,middle,mapped
249,"download instagram reel from browser",no-app-browser,informational,P2,/guides/how-to-download-instagram-reels,guide,middle,mapped
250,"download reels from browser",no-app-browser,informational,P2,/guides/how-to-download-instagram-reels,guide,middle,mapped
251,"instagram reel downloader website no app",no-app-browser,informational,P2,/guides/how-to-download-instagram-reels,guide,middle,mapped
252,"instagram reels downloader website no app",no-app-browser,informational,P2,/guides/how-to-download-instagram-reels,guide,middle,mapped
253,"online reel downloader no app",no-app-browser,informational,P2,/guides/how-to-download-instagram-reels,guide,middle,mapped
254,"online reels downloader no app",no-app-browser,informational,P2,/guides/how-to-download-instagram-reels,guide,middle,mapped
255,"Instagram downloader without installing app",no-app-browser,informational,P2,/guides/how-to-download-instagram-reels,guide,middle,mapped
256,"instagram reel downloader android",android,informational,P2,/guides/instagram-reel-downloader-android,guide,middle,mapped
257,"instagram reels downloader android",android,informational,P2,/guides/instagram-reel-downloader-android,guide,middle,mapped
258,"instagram reel download android",android,informational,P2,/guides/instagram-reel-downloader-android,guide,middle,mapped
259,"instagram reels download android",android,informational,P2,/guides/instagram-reel-downloader-android,guide,middle,mapped
260,"download instagram reel android",android,informational,P2,/guides/instagram-reel-downloader-android,guide,middle,mapped
261,"download instagram reels android",android,informational,P2,/guides/instagram-reel-downloader-android,guide,middle,mapped
262,"instagram video downloader android",android,informational,P2,/guides/instagram-reel-downloader-android,guide,middle,mapped
263,"instagram video download android",android,informational,P2,/guides/instagram-reel-downloader-android,guide,middle,mapped
264,"reel downloader android",android,informational,P2,/guides/instagram-reel-downloader-android,guide,middle,mapped
265,"reels downloader android",android,informational,P2,/guides/instagram-reel-downloader-android,guide,middle,mapped
266,"reel download android",android,informational,P2,/guides/instagram-reel-downloader-android,guide,middle,mapped
267,"reels download android",android,informational,P2,/guides/instagram-reel-downloader-android,guide,middle,mapped
268,"free instagram reel downloader android",android,informational,P2,/guides/instagram-reel-downloader-android,guide,middle,mapped
269,"free instagram reels downloader android",android,informational,P2,/guides/instagram-reel-downloader-android,guide,middle,mapped
270,"online instagram reel downloader android",android,informational,P2,/guides/instagram-reel-downloader-android,guide,middle,mapped
271,"online instagram reels downloader android",android,informational,P2,/guides/instagram-reel-downloader-android,guide,middle,mapped
272,"instagram reel downloader for android",android,informational,P2,/guides/instagram-reel-downloader-android,guide,middle,mapped
273,"instagram reels downloader for android",android,informational,P2,/guides/instagram-reel-downloader-android,guide,middle,mapped
274,"instagram video downloader for android",android,informational,P2,/guides/instagram-reel-downloader-android,guide,middle,mapped
275,"reel downloader for android",android,informational,P2,/guides/instagram-reel-downloader-android,guide,middle,mapped
276,"download reels on android",android,informational,P2,/guides/instagram-reel-downloader-android,guide,middle,mapped
277,"download instagram reels on android",android,informational,P2,/guides/instagram-reel-downloader-android,guide,middle,mapped
278,"download instagram reel on android",android,informational,P2,/guides/instagram-reel-downloader-android,guide,middle,mapped
279,"save instagram reels on android",android,informational,P2,/guides/instagram-reel-downloader-android,guide,middle,mapped
280,"save instagram reel on android",android,informational,P2,/guides/instagram-reel-downloader-android,guide,middle,mapped
281,"download public instagram reels android",android,informational,P2,/guides/instagram-reel-downloader-android,guide,middle,mapped
282,"public reel downloader android",android,informational,P2,/guides/instagram-reel-downloader-android,guide,middle,mapped
283,"Instagram reel MP4 downloader Android",android,informational,P2,/guides/instagram-reel-downloader-android,guide,middle,mapped
284,"Instagram reel download website Android",android,informational,P2,/guides/instagram-reel-downloader-android,guide,middle,mapped
285,"Instagram reels download online Android",android,informational,P2,/guides/instagram-reel-downloader-android,guide,middle,mapped
286,"instagram reel downloader iphone",iphone,informational,P2,/guides/instagram-reel-downloader-iphone,guide,middle,mapped
287,"instagram reels downloader iphone",iphone,informational,P2,/guides/instagram-reel-downloader-iphone,guide,middle,mapped
288,"instagram reel download iphone",iphone,informational,P2,/guides/instagram-reel-downloader-iphone,guide,middle,mapped
289,"instagram reels download iphone",iphone,informational,P2,/guides/instagram-reel-downloader-iphone,guide,middle,mapped
290,"download instagram reel iphone",iphone,informational,P2,/guides/instagram-reel-downloader-iphone,guide,middle,mapped
291,"download instagram reels iphone",iphone,informational,P2,/guides/instagram-reel-downloader-iphone,guide,middle,mapped
292,"instagram video downloader iphone",iphone,informational,P2,/guides/instagram-reel-downloader-iphone,guide,middle,mapped
293,"instagram video download iphone",iphone,informational,P2,/guides/instagram-reel-downloader-iphone,guide,middle,mapped
294,"reel downloader iphone",iphone,informational,P2,/guides/instagram-reel-downloader-iphone,guide,middle,mapped
295,"reels downloader iphone",iphone,informational,P2,/guides/instagram-reel-downloader-iphone,guide,middle,mapped
296,"reel download iphone",iphone,informational,P2,/guides/instagram-reel-downloader-iphone,guide,middle,mapped
297,"reels download iphone",iphone,informational,P2,/guides/instagram-reel-downloader-iphone,guide,middle,mapped
298,"free instagram reel downloader iphone",iphone,informational,P2,/guides/instagram-reel-downloader-iphone,guide,middle,mapped
299,"free instagram reels downloader iphone",iphone,informational,P2,/guides/instagram-reel-downloader-iphone,guide,middle,mapped
300,"online instagram reel downloader iphone",iphone,informational,P2,/guides/instagram-reel-downloader-iphone,guide,middle,mapped
301,"online instagram reels downloader iphone",iphone,informational,P2,/guides/instagram-reel-downloader-iphone,guide,middle,mapped
302,"instagram reel downloader for iphone",iphone,informational,P2,/guides/instagram-reel-downloader-iphone,guide,middle,mapped
303,"instagram reels downloader for iphone",iphone,informational,P2,/guides/instagram-reel-downloader-iphone,guide,middle,mapped
304,"instagram video downloader for iphone",iphone,informational,P2,/guides/instagram-reel-downloader-iphone,guide,middle,mapped
305,"reel downloader for iphone",iphone,informational,P2,/guides/instagram-reel-downloader-iphone,guide,middle,mapped
306,"download reels on iphone",iphone,informational,P2,/guides/instagram-reel-downloader-iphone,guide,middle,mapped
307,"download instagram reels on iphone",iphone,informational,P2,/guides/instagram-reel-downloader-iphone,guide,middle,mapped
308,"download instagram reel on iphone",iphone,informational,P2,/guides/instagram-reel-downloader-iphone,guide,middle,mapped
309,"save instagram reels on iphone",iphone,informational,P2,/guides/instagram-reel-downloader-iphone,guide,middle,mapped
310,"save instagram reel on iphone",iphone,informational,P2,/guides/instagram-reel-downloader-iphone,guide,middle,mapped
311,"download public instagram reels iphone",iphone,informational,P2,/guides/instagram-reel-downloader-iphone,guide,middle,mapped
312,"public reel downloader iphone",iphone,informational,P2,/guides/instagram-reel-downloader-iphone,guide,middle,mapped
313,"instagram reel MP4 downloader iphone",iphone,informational,P2,/guides/instagram-reel-downloader-iphone,guide,middle,mapped
314,"Instagram reel download website iPhone",iphone,informational,P2,/guides/instagram-reel-downloader-iphone,guide,middle,mapped
315,"Instagram reels download online iPhone",iphone,informational,P2,/guides/instagram-reel-downloader-iphone,guide,middle,mapped
316,"instagram reel downloader pc",pc,informational,P2,/guides/instagram-reel-downloader-pc,guide,middle,mapped
317,"instagram reels downloader pc",pc,informational,P2,/guides/instagram-reel-downloader-pc,guide,middle,mapped
318,"instagram reel download pc",pc,informational,P2,/guides/instagram-reel-downloader-pc,guide,middle,mapped
319,"instagram reels download pc",pc,informational,P2,/guides/instagram-reel-downloader-pc,guide,middle,mapped
320,"download instagram reel pc",pc,informational,P2,/guides/instagram-reel-downloader-pc,guide,middle,mapped
321,"download instagram reels pc",pc,informational,P2,/guides/instagram-reel-downloader-pc,guide,middle,mapped
322,"instagram video downloader pc",pc,informational,P2,/guides/instagram-reel-downloader-pc,guide,middle,mapped
323,"instagram video download pc",pc,informational,P2,/guides/instagram-reel-downloader-pc,guide,middle,mapped
324,"reel downloader pc",pc,informational,P2,/guides/instagram-reel-downloader-pc,guide,middle,mapped
325,"reels downloader pc",pc,informational,P2,/guides/instagram-reel-downloader-pc,guide,middle,mapped
326,"reel download pc",pc,informational,P2,/guides/instagram-reel-downloader-pc,guide,middle,mapped
327,"reels download pc",pc,informational,P2,/guides/instagram-reel-downloader-pc,guide,middle,mapped
328,"instagram reel downloader windows",pc,informational,P2,/guides/instagram-reel-downloader-pc,guide,middle,mapped
329,"instagram reels downloader windows",pc,informational,P2,/guides/instagram-reel-downloader-pc,guide,middle,mapped
330,"instagram reel download windows",pc,informational,P2,/guides/instagram-reel-downloader-pc,guide,middle,mapped
331,"download instagram reels windows",pc,informational,P2,/guides/instagram-reel-downloader-pc,guide,middle,mapped
332,"instagram video downloader windows",pc,informational,P2,/guides/instagram-reel-downloader-pc,guide,middle,mapped
333,"reel downloader windows",pc,informational,P2,/guides/instagram-reel-downloader-pc,guide,middle,mapped
334,"reels downloader windows",pc,informational,P2,/guides/instagram-reel-downloader-pc,guide,middle,mapped
335,"free instagram reel downloader pc",pc,informational,P2,/guides/instagram-reel-downloader-pc,guide,middle,mapped
336,"free instagram reels downloader pc",pc,informational,P2,/guides/instagram-reel-downloader-pc,guide,middle,mapped
337,"online instagram reel downloader pc",pc,informational,P2,/guides/instagram-reel-downloader-pc,guide,middle,mapped
338,"online instagram reels downloader pc",pc,informational,P2,/guides/instagram-reel-downloader-pc,guide,middle,mapped
339,"download reels on pc",pc,informational,P2,/guides/instagram-reel-downloader-pc,guide,middle,mapped
340,"download instagram reels on pc",pc,informational,P2,/guides/instagram-reel-downloader-pc,guide,middle,mapped
341,"save instagram reels on pc",pc,informational,P2,/guides/instagram-reel-downloader-pc,guide,middle,mapped
342,"public instagram reel downloader pc",pc,informational,P2,/guides/instagram-reel-downloader-pc,guide,middle,mapped
343,"instagram reel mp4 downloader pc",pc,informational,P2,/guides/instagram-reel-downloader-pc,guide,middle,mapped
344,"Instagram reel download website PC",pc,informational,P2,/guides/instagram-reel-downloader-pc,guide,middle,mapped
345,"Instagram reels download online PC",pc,informational,P2,/guides/instagram-reel-downloader-pc,guide,middle,mapped
346,"instagram reel downloader mac",mac,informational,P3,/guides/instagram-reel-downloader-pc,guide,middle,mapped
347,"instagram reels downloader mac",mac,informational,P3,/guides/instagram-reel-downloader-pc,guide,middle,mapped
348,"instagram reel download mac",mac,informational,P3,/guides/instagram-reel-downloader-pc,guide,middle,mapped
349,"instagram reels download mac",mac,informational,P3,/guides/instagram-reel-downloader-pc,guide,middle,mapped
350,"download instagram reel mac",mac,informational,P3,/guides/instagram-reel-downloader-pc,guide,middle,mapped
351,"download instagram reels mac",mac,informational,P3,/guides/instagram-reel-downloader-pc,guide,middle,mapped
352,"instagram video downloader mac",mac,informational,P3,/guides/instagram-reel-downloader-pc,guide,middle,mapped
353,"instagram video download mac",mac,informational,P3,/guides/instagram-reel-downloader-pc,guide,middle,mapped
354,"reel downloader mac",mac,informational,P3,/guides/instagram-reel-downloader-pc,guide,middle,mapped
355,"reels downloader mac",mac,informational,P3,/guides/instagram-reel-downloader-pc,guide,middle,mapped
356,"free instagram reel downloader mac",mac,informational,P3,/guides/instagram-reel-downloader-pc,guide,middle,mapped
357,"free instagram reels downloader mac",mac,informational,P3,/guides/instagram-reel-downloader-pc,guide,middle,mapped
358,"online instagram reel downloader mac",mac,informational,P3,/guides/instagram-reel-downloader-pc,guide,middle,mapped
359,"online instagram reels downloader mac",mac,informational,P3,/guides/instagram-reel-downloader-pc,guide,middle,mapped
360,"download reels on mac",mac,informational,P3,/guides/instagram-reel-downloader-pc,guide,middle,mapped
361,"download instagram reels on mac",mac,informational,P3,/guides/instagram-reel-downloader-pc,guide,middle,mapped
362,"save instagram reels on mac",mac,informational,P3,/guides/instagram-reel-downloader-pc,guide,middle,mapped
363,"public instagram reel downloader mac",mac,informational,P3,/guides/instagram-reel-downloader-pc,guide,middle,mapped
364,"instagram reel mp4 downloader mac",mac,informational,P3,/guides/instagram-reel-downloader-pc,guide,middle,mapped
365,"Instagram reel download website Mac",mac,informational,P3,/guides/instagram-reel-downloader-pc,guide,middle,mapped
366,"how to download instagram reels",how-to-core,informational,P1,/guides/how-to-download-instagram-reels,guide,top,mapped
367,"how to download instagram reel",how-to-core,informational,P1,/guides/how-to-download-instagram-reels,guide,top,mapped
368,"how to save instagram reels",how-to-core,informational,P1,/guides/how-to-download-instagram-reels,guide,top,mapped
369,"how to save instagram reel",how-to-core,informational,P1,/guides/how-to-download-instagram-reels,guide,top,mapped
370,"how to download reels from instagram",how-to-core,informational,P1,/guides/how-to-download-instagram-reels,guide,top,mapped
371,"how to save reels from instagram",how-to-core,informational,P1,/guides/how-to-download-instagram-reels,guide,top,mapped
372,"how to download public instagram reels",how-to-core,informational,P1,/guides/how-to-download-instagram-reels,guide,top,mapped
373,"how to download public instagram reel",how-to-core,informational,P1,/guides/how-to-download-instagram-reels,guide,top,mapped
374,"how to save public instagram reels",how-to-core,informational,P1,/guides/how-to-download-instagram-reels,guide,top,mapped
375,"how to save public instagram reel",how-to-core,informational,P1,/guides/how-to-download-instagram-reels,guide,top,mapped
376,"how to download instagram video",how-to-core,informational,P1,/guides/how-to-download-instagram-reels,guide,top,mapped
377,"how to download instagram videos",how-to-core,informational,P1,/guides/how-to-download-instagram-reels,guide,top,mapped
378,"how to save instagram video",how-to-core,informational,P1,/guides/how-to-download-instagram-reels,guide,top,mapped
379,"how to save instagram videos",how-to-core,informational,P1,/guides/how-to-download-instagram-reels,guide,top,mapped
380,"how to download reels online",how-to-core,informational,P1,/guides/how-to-download-instagram-reels,guide,top,mapped
381,"how to save reels online",how-to-core,informational,P1,/guides/how-to-download-instagram-reels,guide,top,mapped
382,"how to download a reel",how-to-core,informational,P1,/guides/how-to-download-instagram-reels,guide,top,mapped
383,"how to save a reel",how-to-core,informational,P1,/guides/how-to-download-instagram-reels,guide,top,mapped
384,"how can i download instagram reels",how-to-core,informational,P1,/guides/how-to-download-instagram-reels,guide,top,mapped
385,"how can i save instagram reels",how-to-core,informational,P1,/guides/how-to-download-instagram-reels,guide,top,mapped
386,"how do you download instagram reels",how-to-core,informational,P1,/guides/how-to-download-instagram-reels,guide,top,mapped
387,"how do you save instagram reels",how-to-core,informational,P1,/guides/how-to-download-instagram-reels,guide,top,mapped
388,"how can you download instagram reels",how-to-core,informational,P1,/guides/how-to-download-instagram-reels,guide,top,mapped
389,"how can you save instagram reels",how-to-core,informational,P1,/guides/how-to-download-instagram-reels,guide,top,mapped
390,"easiest way to download instagram reels",how-to-core,informational,P1,/guides/how-to-download-instagram-reels,guide,top,mapped
391,"easiest way to save instagram reels",how-to-core,informational,P1,/guides/how-to-download-instagram-reels,guide,top,mapped
392,"best way to download instagram reels",how-to-core,informational,P1,/guides/how-to-download-instagram-reels,guide,top,mapped
393,"way to download instagram reels online",how-to-core,informational,P1,/guides/how-to-download-instagram-reels,guide,top,mapped
394,"way to save instagram reels online",how-to-core,informational,P1,/guides/how-to-download-instagram-reels,guide,top,mapped
395,"download instagram reels from link",how-to-core,informational,P1,/guides/how-to-download-instagram-reels,guide,top,mapped
396,"save instagram reels from link",how-to-core,informational,P1,/guides/how-to-download-instagram-reels,guide,top,mapped
397,"download reel from link",how-to-core,informational,P1,/guides/how-to-download-instagram-reels,guide,top,mapped
398,"save reel from link",how-to-core,informational,P1,/guides/how-to-download-instagram-reels,guide,top,mapped
399,"download instagram reel from URL",how-to-core,informational,P1,/guides/how-to-download-instagram-reels,guide,top,mapped
400,"save instagram reel from URL",how-to-core,informational,P1,/guides/how-to-download-instagram-reels,guide,top,mapped
401,"how to download instagram reels on android",how-to-mobile,informational,P3,/guides/instagram-reel-downloader-android,guide,middle,mapped
402,"how to download instagram reels on iphone",how-to-mobile,informational,P3,/guides/instagram-reel-downloader-iphone,guide,middle,mapped
403,"how to download instagram reels on ios",how-to-mobile,informational,P3,/guides/instagram-reel-downloader-iphone,guide,middle,mapped
404,"how to save instagram reels on android",how-to-mobile,informational,P3,/guides/instagram-reel-downloader-android,guide,middle,mapped
405,"how to save instagram reels on iphone",how-to-mobile,informational,P3,/guides/instagram-reel-downloader-iphone,guide,middle,mapped
406,"how to save instagram reels on ios",how-to-mobile,informational,P3,/guides/instagram-reel-downloader-iphone,guide,middle,mapped
407,"how to download instagram video on android",how-to-mobile,informational,P3,/guides/instagram-reel-downloader-android,guide,middle,mapped
408,"how to download instagram video on iphone",how-to-mobile,informational,P3,/guides/instagram-reel-downloader-iphone,guide,middle,mapped
409,"how to download reels on android",how-to-mobile,informational,P3,/guides/instagram-reel-downloader-android,guide,middle,mapped
410,"how to download reels on iphone",how-to-mobile,informational,P3,/guides/instagram-reel-downloader-iphone,guide,middle,mapped
411,"how to save reels on android",how-to-mobile,informational,P3,/guides/instagram-reel-downloader-android,guide,middle,mapped
412,"how to save reels on iphone",how-to-mobile,informational,P3,/guides/instagram-reel-downloader-iphone,guide,middle,mapped
413,"how to download public reels on android",how-to-mobile,informational,P3,/guides/instagram-reel-downloader-android,guide,middle,mapped
414,"how to download public reels on iphone",how-to-mobile,informational,P3,/guides/instagram-reel-downloader-iphone,guide,middle,mapped
415,"how to download public instagram reels on android",how-to-mobile,informational,P3,/guides/instagram-reel-downloader-android,guide,middle,mapped
416,"how to download public instagram reels on iphone",how-to-mobile,informational,P3,/guides/instagram-reel-downloader-iphone,guide,middle,mapped
417,"how to download instagram reel without app android",how-to-mobile,informational,P3,/guides/instagram-reel-downloader-android,guide,middle,mapped
418,"how to download instagram reel without app iphone",how-to-mobile,informational,P3,/guides/instagram-reel-downloader-iphone,guide,middle,mapped
419,"how to save instagram reel without app",how-to-mobile,informational,P3,/guides/instagram-reel-downloader-android,guide,middle,mapped
420,"how to download instagram reel in browser",how-to-mobile,informational,P3,/guides/instagram-reel-downloader-android,guide,middle,mapped
421,"how to download instagram reels on pc",how-to-computer,informational,P3,/guides/instagram-reel-downloader-pc,guide,middle,mapped
422,"how to download instagram reels on computer",how-to-computer,informational,P3,/guides/instagram-reel-downloader-pc,guide,middle,mapped
423,"how to download instagram reels on windows",how-to-computer,informational,P3,/guides/instagram-reel-downloader-pc,guide,middle,mapped
424,"how to download instagram reels on mac",how-to-computer,informational,P3,/guides/instagram-reel-downloader-pc,guide,middle,mapped
425,"how to save instagram reels on pc",how-to-computer,informational,P3,/guides/instagram-reel-downloader-pc,guide,middle,mapped
426,"how to save instagram reels on computer",how-to-computer,informational,P3,/guides/instagram-reel-downloader-pc,guide,middle,mapped
427,"how to download instagram video on pc",how-to-computer,informational,P3,/guides/instagram-reel-downloader-pc,guide,middle,mapped
428,"how to download instagram video on mac",how-to-computer,informational,P3,/guides/instagram-reel-downloader-pc,guide,middle,mapped
429,"how to download reels on pc",how-to-computer,informational,P3,/guides/instagram-reel-downloader-pc,guide,middle,mapped
430,"how to download reels on computer",how-to-computer,informational,P3,/guides/instagram-reel-downloader-pc,guide,middle,mapped
431,"how to save reels on pc",how-to-computer,informational,P3,/guides/instagram-reel-downloader-pc,guide,middle,mapped
432,"how to download public reels on pc",how-to-computer,informational,P3,/guides/instagram-reel-downloader-pc,guide,middle,mapped
433,"how to download public instagram reels on computer",how-to-computer,informational,P3,/guides/instagram-reel-downloader-pc,guide,middle,mapped
434,"how to download instagram reels from browser",how-to-computer,informational,P3,/guides/instagram-reel-downloader-pc,guide,middle,mapped
435,"how to save instagram reels from browser",how-to-computer,informational,P3,/guides/instagram-reel-downloader-pc,guide,middle,mapped
436,"how to download instagram reel without software",how-to-computer,informational,P3,/guides/instagram-reel-downloader-pc,guide,middle,mapped
437,"how to download instagram reel without installing anything",how-to-computer,informational,P3,/guides/instagram-reel-downloader-pc,guide,middle,mapped
438,"how to download instagram reels without an app",how-to-computer,informational,P3,/guides/instagram-reel-downloader-pc,guide,middle,mapped
439,"how to download instagram reels online on pc",how-to-computer,informational,P3,/guides/instagram-reel-downloader-pc,guide,middle,mapped
440,"how to download instagram reels online on mac",how-to-computer,informational,P3,/guides/instagram-reel-downloader-pc,guide,middle,mapped
441,"save instagram reels",saving-intent,informational,P2,/guides/how-to-save-instagram-reels,guide,middle,mapped
442,"save instagram reel",saving-intent,informational,P2,/guides/how-to-save-instagram-reels,guide,middle,mapped
443,"save reels from instagram",saving-intent,informational,P2,/guides/how-to-save-instagram-reels,guide,middle,mapped
444,"save reel from instagram",saving-intent,informational,P2,/guides/how-to-save-instagram-reels,guide,middle,mapped
445,"instagram reel saver",saving-intent,informational,P2,/guides/how-to-save-instagram-reels,guide,middle,mapped
446,"instagram reels saver",saving-intent,informational,P2,/guides/how-to-save-instagram-reels,guide,middle,mapped
447,"instagram reel saver online",saving-intent,informational,P2,/guides/how-to-save-instagram-reels,guide,middle,mapped
448,"instagram reels saver online",saving-intent,informational,P2,/guides/how-to-save-instagram-reels,guide,middle,mapped
449,"save public instagram reels",saving-intent,informational,P2,/guides/how-to-save-instagram-reels,guide,middle,mapped
450,"save public instagram reel",saving-intent,informational,P2,/guides/how-to-save-instagram-reels,guide,middle,mapped
451,"save instagram video",saving-intent,informational,P2,/guides/how-to-save-instagram-reels,guide,middle,mapped
452,"save instagram videos",saving-intent,informational,P2,/guides/how-to-save-instagram-reels,guide,middle,mapped
453,"save public instagram video",saving-intent,informational,P2,/guides/how-to-save-instagram-reels,guide,middle,mapped
454,"save public instagram videos",saving-intent,informational,P2,/guides/how-to-save-instagram-reels,guide,middle,mapped
455,"online instagram reel saver",saving-intent,informational,P2,/guides/how-to-save-instagram-reels,guide,middle,mapped
456,"online reels saver",saving-intent,informational,P2,/guides/how-to-save-instagram-reels,guide,middle,mapped
457,"free instagram reel saver",saving-intent,informational,P2,/guides/how-to-save-instagram-reels,guide,middle,mapped
458,"free reels saver",saving-intent,informational,P2,/guides/how-to-save-instagram-reels,guide,middle,mapped
459,"reel saving website",saving-intent,informational,P2,/guides/how-to-save-instagram-reels,guide,middle,mapped
460,"reels saving website",saving-intent,informational,P2,/guides/how-to-save-instagram-reels,guide,middle,mapped
461,"reel save tool",saving-intent,informational,P2,/guides/how-to-save-instagram-reels,guide,middle,mapped
462,"reels save tool",saving-intent,informational,P2,/guides/how-to-save-instagram-reels,guide,middle,mapped
463,"instagram reel save tool",saving-intent,informational,P2,/guides/how-to-save-instagram-reels,guide,middle,mapped
464,"instagram reels save tool",saving-intent,informational,P2,/guides/how-to-save-instagram-reels,guide,middle,mapped
465,"save reel online",saving-intent,informational,P2,/guides/how-to-save-instagram-reels,guide,middle,mapped
466,"save reels online",saving-intent,informational,P2,/guides/how-to-save-instagram-reels,guide,middle,mapped
467,"save instagram reel online",saving-intent,informational,P2,/guides/how-to-save-instagram-reels,guide,middle,mapped
468,"save instagram reels online",saving-intent,informational,P2,/guides/how-to-save-instagram-reels,guide,middle,mapped
469,"download and save instagram reels",saving-intent,informational,P2,/guides/how-to-save-instagram-reels,guide,middle,mapped
470,"download and save reels",saving-intent,informational,P2,/guides/how-to-save-instagram-reels,guide,middle,mapped
471,"copy instagram reel link download",copy-paste-link,transactional,P3,/instagram-reel-downloader,tool-page,bottom,mapped
472,"copy reel link download",copy-paste-link,transactional,P3,/instagram-reel-downloader,tool-page,bottom,mapped
473,"paste reel link download",copy-paste-link,transactional,P3,/instagram-reel-downloader,tool-page,bottom,mapped
474,"paste instagram reel link download",copy-paste-link,transactional,P3,/instagram-reel-downloader,tool-page,bottom,mapped
475,"paste instagram URL download",copy-paste-link,transactional,P3,/instagram-reel-downloader,tool-page,bottom,mapped
476,"paste instagram link download",copy-paste-link,transactional,P3,/instagram-reel-downloader,tool-page,bottom,mapped
477,"copy instagram URL download",copy-paste-link,transactional,P3,/instagram-reel-downloader,tool-page,bottom,mapped
478,"copy instagram reel URL",copy-paste-link,transactional,P3,/instagram-reel-downloader,tool-page,bottom,mapped
479,"copy reel URL download",copy-paste-link,transactional,P3,/instagram-reel-downloader,tool-page,bottom,mapped
480,"instagram reel link to download",copy-paste-link,transactional,P3,/instagram-reel-downloader,tool-page,bottom,mapped
481,"instagram reels link to download",copy-paste-link,transactional,P3,/instagram-reel-downloader,tool-page,bottom,mapped
482,"reel link to video",copy-paste-link,transactional,P3,/instagram-reel-downloader,tool-page,bottom,mapped
483,"instagram reel link to video",copy-paste-link,transactional,P3,/instagram-reel-downloader,tool-page,bottom,mapped
484,"instagram reel URL to video",copy-paste-link,transactional,P3,/instagram-reel-downloader,tool-page,bottom,mapped
485,"instagram reel URL downloader online",copy-paste-link,transactional,P3,/instagram-reel-downloader,tool-page,bottom,mapped
486,"instagram URL to video",copy-paste-link,transactional,P3,/instagram-reel-downloader,tool-page,bottom,mapped
487,"Instagram link to MP4",copy-paste-link,transactional,P3,/instagram-reel-downloader,tool-page,bottom,mapped
488,"Instagram reel link to MP4",copy-paste-link,transactional,P3,/instagram-reel-downloader,tool-page,bottom,mapped
489,"reel link to MP4",copy-paste-link,transactional,P3,/instagram-reel-downloader,tool-page,bottom,mapped
490,"reels link to MP4",copy-paste-link,transactional,P3,/instagram-reel-downloader,tool-page,bottom,mapped
491,"instagram reel downloader not working",troubleshooting,problem-solving,P4,/guides/instagram-reel-downloader-guide,guide,post-download,mapped
492,"instagram reels downloader not working",troubleshooting,problem-solving,P4,/guides/instagram-reel-downloader-guide,guide,post-download,mapped
493,"instagram reel download not working",troubleshooting,problem-solving,P4,/guides/instagram-reel-downloader-guide,guide,post-download,mapped
494,"instagram reels download not working",troubleshooting,problem-solving,P4,/guides/instagram-reel-downloader-guide,guide,post-download,mapped
495,"reel downloader not working",troubleshooting,problem-solving,P4,/guides/instagram-reel-downloader-guide,guide,post-download,mapped
496,"reels downloader not working",troubleshooting,problem-solving,P4,/guides/instagram-reel-downloader-guide,guide,post-download,mapped
497,"instagram video downloader not working",troubleshooting,problem-solving,P4,/guides/instagram-reel-downloader-guide,guide,post-download,mapped
498,"instagram reel download failed",troubleshooting,problem-solving,P4,/guides/instagram-reel-downloader-guide,guide,post-download,mapped
499,"instagram reels download failed",troubleshooting,problem-solving,P4,/guides/instagram-reel-downloader-guide,guide,post-download,mapped
500,"reel download failed",troubleshooting,problem-solving,P4,/guides/instagram-reel-downloader-guide,guide,post-download,mapped
501,"reels download failed",troubleshooting,problem-solving,P4,/guides/instagram-reel-downloader-guide,guide,post-download,mapped
502,"instagram video download failed",troubleshooting,problem-solving,P4,/guides/instagram-reel-downloader-guide,guide,post-download,mapped
503,"why can't I download instagram reels",troubleshooting,problem-solving,P4,/guides/instagram-reel-downloader-guide,guide,post-download,mapped
504,"why can't I download instagram reel",troubleshooting,problem-solving,P4,/guides/instagram-reel-downloader-guide,guide,post-download,mapped
505,"why can't I download instagram videos",troubleshooting,problem-solving,P4,/guides/instagram-reel-downloader-guide,guide,post-download,mapped
506,"why does instagram reel download fail",troubleshooting,problem-solving,P4,/guides/instagram-reel-downloader-guide,guide,post-download,mapped
507,"why is instagram reel downloader not working",troubleshooting,problem-solving,P4,/guides/instagram-reel-downloader-guide,guide,post-download,mapped
508,"why is reels downloader not working",troubleshooting,problem-solving,P4,/guides/instagram-reel-downloader-guide,guide,post-download,mapped
509,"instagram reel URL not working",troubleshooting,problem-solving,P4,/guides/instagram-reel-downloader-guide,guide,post-download,mapped
510,"instagram reel link not working",troubleshooting,problem-solving,P4,/guides/instagram-reel-downloader-guide,guide,post-download,mapped
511,"unsupported instagram reel",troubleshooting,problem-solving,P4,/guides/instagram-reel-downloader-guide,guide,post-download,mapped
512,"unsupported reel URL",troubleshooting,problem-solving,P4,/guides/instagram-reel-downloader-guide,guide,post-download,mapped
513,"instagram reel cannot be downloaded",troubleshooting,problem-solving,P4,/guides/instagram-reel-downloader-guide,guide,post-download,mapped
514,"instagram reel unavailable for download",troubleshooting,problem-solving,P4,/guides/instagram-reel-downloader-guide,guide,post-download,mapped
515,"public instagram reel cannot download",troubleshooting,problem-solving,P4,/guides/instagram-reel-downloader-guide,guide,post-download,mapped
516,"public reel download failed",troubleshooting,problem-solving,P4,/guides/instagram-reel-downloader-guide,guide,post-download,mapped
517,"reel downloader error",troubleshooting,problem-solving,P4,/guides/instagram-reel-downloader-guide,guide,post-download,mapped
518,"reels downloader error",troubleshooting,problem-solving,P4,/guides/instagram-reel-downloader-guide,guide,post-download,mapped
519,"instagram downloader error",troubleshooting,problem-solving,P4,/guides/instagram-reel-downloader-guide,guide,post-download,mapped
520,"instagram reel processing failed",troubleshooting,problem-solving,P4,/guides/instagram-reel-downloader-guide,guide,post-download,mapped
521,"safe instagram reel downloader",privacy-security,informational,P4,/privacy,legal,top,mapped
522,"safe instagram reels downloader",privacy-security,informational,P4,/privacy,legal,top,mapped
523,"secure instagram reel downloader",privacy-security,informational,P4,/privacy,legal,top,mapped
524,"secure instagram reels downloader",privacy-security,informational,P4,/privacy,legal,top,mapped
525,"private instagram reel downloader",privacy-security,informational,P4,/privacy,legal,top,unsupported-feature-explanation
526,"download instagram reels safely",privacy-security,informational,P4,/privacy,legal,top,mapped
527,"safe way to download instagram reels",privacy-security,informational,P4,/privacy,legal,top,mapped
528,"secure way to download instagram reels",privacy-security,informational,P4,/privacy,legal,top,mapped
529,"instagram reel downloader privacy",privacy-security,informational,P4,/privacy,legal,top,mapped
530,"instagram downloader privacy",privacy-security,informational,P4,/privacy,legal,top,mapped
531,"does instagram reel downloader save my data",privacy-security,informational,P4,/privacy,legal,top,mapped
532,"does reel downloader save videos",privacy-security,informational,P4,/privacy,legal,top,mapped
533,"does instagram downloader require login",privacy-security,informational,P4,/privacy,legal,top,mapped
534,"instagram reel downloader without login",privacy-security,informational,P4,/privacy,legal,top,mapped
535,"download instagram reel without login",privacy-security,informational,P4,/privacy,legal,top,mapped
536,"download reels without login",privacy-security,informational,P4,/privacy,legal,top,mapped
537,"instagram video downloader without login",privacy-security,informational,P4,/privacy,legal,top,mapped
538,"reel downloader no login",privacy-security,informational,P4,/privacy,legal,top,mapped
539,"reels downloader no login",privacy-security,informational,P4,/privacy,legal,top,mapped
540,"safe online reel downloader",privacy-security,informational,P4,/privacy,legal,top,mapped
541,"instagram reel downloader no login",no-login,informational,P2,/public-instagram-reel-downloader,landing-page,bottom,mapped
542,"instagram reels downloader no login",no-login,informational,P2,/public-instagram-reel-downloader,landing-page,bottom,mapped
543,"instagram reel download no login",no-login,informational,P2,/public-instagram-reel-downloader,landing-page,bottom,mapped
544,"instagram reels download no login",no-login,informational,P2,/public-instagram-reel-downloader,landing-page,bottom,mapped
545,"download instagram reel without login",no-login,informational,P2,/public-instagram-reel-downloader,landing-page,bottom,mapped
546,"download instagram reels without login",no-login,informational,P2,/public-instagram-reel-downloader,landing-page,bottom,mapped
547,"save instagram reel without login",no-login,informational,P2,/public-instagram-reel-downloader,landing-page,bottom,mapped
548,"save instagram reels without login",no-login,informational,P2,/public-instagram-reel-downloader,landing-page,bottom,mapped
549,"instagram video downloader without login",no-login,informational,P2,/public-instagram-reel-downloader,landing-page,bottom,mapped
550,"download instagram video without login",no-login,informational,P2,/public-instagram-reel-downloader,landing-page,bottom,mapped
551,"reel downloader without login",no-login,informational,P2,/public-instagram-reel-downloader,landing-page,bottom,mapped
552,"reels downloader without login",no-login,informational,P2,/public-instagram-reel-downloader,landing-page,bottom,mapped
553,"online reel downloader no login",no-login,informational,P2,/public-instagram-reel-downloader,landing-page,bottom,mapped
554,"online reels downloader no login",no-login,informational,P2,/public-instagram-reel-downloader,landing-page,bottom,mapped
555,"free reel downloader no login",no-login,informational,P2,/public-instagram-reel-downloader,landing-page,bottom,mapped
556,"free instagram reel downloader no login",no-login,informational,P2,/public-instagram-reel-downloader,landing-page,bottom,mapped
557,"instagram reel saver no login",no-login,informational,P2,/public-instagram-reel-downloader,landing-page,bottom,mapped
558,"public reel downloader no login",no-login,informational,P2,/public-instagram-reel-downloader,landing-page,bottom,mapped
559,"public instagram reel downloader no login",no-login,informational,P2,/public-instagram-reel-downloader,landing-page,bottom,mapped
560,"download public instagram reels without login",no-login,informational,P2,/public-instagram-reel-downloader,landing-page,bottom,mapped
561,"instagram reel downloader online",browser-online,transactional,P2,/instagram-reel-downloader,tool-page,bottom,mapped
562,"instagram reels downloader online",browser-online,transactional,P2,/instagram-reel-downloader,tool-page,bottom,mapped
563,"reel downloader online",browser-online,transactional,P2,/instagram-reel-downloader,tool-page,bottom,mapped
564,"reels downloader online",browser-online,transactional,P2,/instagram-reel-downloader,tool-page,bottom,mapped
565,"instagram video downloader online",browser-online,transactional,P2,/instagram-reel-downloader,tool-page,bottom,mapped
566,"instagram video download online",browser-online,transactional,P2,/instagram-reel-downloader,tool-page,bottom,mapped
567,"download instagram reels online",browser-online,transactional,P2,/instagram-reel-downloader,tool-page,bottom,mapped
568,"download instagram video online",browser-online,transactional,P2,/instagram-reel-downloader,tool-page,bottom,mapped
569,"save instagram reels online",browser-online,transactional,P2,/instagram-reel-downloader,tool-page,bottom,mapped
570,"save instagram videos online",browser-online,transactional,P2,/instagram-reel-downloader,tool-page,bottom,mapped
571,"online reel download",browser-online,transactional,P2,/instagram-reel-downloader,tool-page,bottom,mapped
572,"online reels download",browser-online,transactional,P2,/instagram-reel-downloader,tool-page,bottom,mapped
573,"online instagram reel download",browser-online,transactional,P2,/instagram-reel-downloader,tool-page,bottom,mapped
574,"online instagram video download",browser-online,transactional,P2,/instagram-reel-downloader,tool-page,bottom,mapped
575,"web instagram reel downloader",browser-online,transactional,P2,/instagram-reel-downloader,tool-page,bottom,mapped
576,"web reels downloader",browser-online,transactional,P2,/instagram-reel-downloader,tool-page,bottom,mapped
577,"browser reel downloader",browser-online,transactional,P2,/instagram-reel-downloader,tool-page,bottom,mapped
578,"browser reels downloader",browser-online,transactional,P2,/instagram-reel-downloader,tool-page,bottom,mapped
579,"online public reel downloader",browser-online,transactional,P2,/instagram-reel-downloader,tool-page,bottom,mapped
580,"online public instagram reel downloader",browser-online,transactional,P2,/instagram-reel-downloader,tool-page,bottom,mapped
581,"instagram media downloader",generic-media,transactional,P3,/instagram-video-downloader,tool-page,bottom,mapped
582,"instagram media download",generic-media,transactional,P3,/instagram-video-downloader,tool-page,bottom,mapped
583,"instagram content downloader",generic-media,transactional,P3,/instagram-video-downloader,tool-page,bottom,mapped
584,"instagram content download",generic-media,transactional,P3,/instagram-video-downloader,tool-page,bottom,mapped
585,"instagram downloader online",generic-media,transactional,P3,/instagram-video-downloader,tool-page,bottom,mapped
586,"instagram download online",generic-media,transactional,P3,/instagram-video-downloader,tool-page,bottom,mapped
587,"instagram download tool",generic-media,transactional,P3,/instagram-video-downloader,tool-page,bottom,mapped
588,"instagram media download tool",generic-media,transactional,P3,/instagram-video-downloader,tool-page,bottom,mapped
589,"online instagram downloader",generic-media,transactional,P3,/instagram-video-downloader,tool-page,bottom,mapped
590,"free instagram downloader",generic-media,transactional,P3,/instagram-video-downloader,tool-page,bottom,mapped
591,"instagram downloader free",generic-media,transactional,P3,/instagram-video-downloader,tool-page,bottom,mapped
592,"instagram video save tool",generic-media,transactional,P3,/instagram-video-downloader,tool-page,bottom,mapped
593,"instagram media saver",generic-media,transactional,P3,/instagram-video-downloader,tool-page,bottom,mapped
594,"instagram media saver online",generic-media,transactional,P3,/instagram-video-downloader,tool-page,bottom,mapped
595,"instagram video saver",generic-media,transactional,P3,/instagram-video-downloader,tool-page,bottom,mapped
596,"instagram video saver online",generic-media,transactional,P3,/instagram-video-downloader,tool-page,bottom,mapped
597,"public instagram downloader",generic-media,transactional,P3,/instagram-video-downloader,tool-page,bottom,mapped
598,"public instagram media downloader",generic-media,transactional,P3,/instagram-video-downloader,tool-page,bottom,mapped
599,"public instagram content downloader",generic-media,transactional,P3,/instagram-video-downloader,tool-page,bottom,mapped
600,"Instagram media downloader online",generic-media,transactional,P3,/instagram-video-downloader,tool-page,bottom,mapped
601,"what is an instagram reel downloader",aeo-questions,question,P4,/guides/instagram-reel-downloader-guide,guide,top,mapped
602,"what is a reel downloader",aeo-questions,question,P4,/guides/instagram-reel-downloader-guide,guide,top,mapped
603,"what is instagram reel download",aeo-questions,question,P4,/guides/instagram-reel-downloader-guide,guide,top,mapped
604,"how does an instagram reel downloader work",aeo-questions,question,P4,/guides/instagram-reel-downloader-guide,guide,top,mapped
605,"how does reel downloader work",aeo-questions,question,P4,/guides/instagram-reel-downloader-guide,guide,top,mapped
606,"can you download instagram reels",aeo-questions,question,P4,/guides/instagram-reel-downloader-guide,guide,top,mapped
607,"can I download instagram reels",aeo-questions,question,P4,/guides/instagram-reel-downloader-guide,guide,top,mapped
608,"can I save instagram reels",aeo-questions,question,P4,/guides/instagram-reel-downloader-guide,guide,top,mapped
609,"can I download public instagram reels",aeo-questions,question,P4,/guides/instagram-reel-downloader-guide,guide,top,mapped
610,"can I download public instagram videos",aeo-questions,question,P4,/guides/instagram-reel-downloader-guide,guide,top,mapped
611,"can you save instagram reels",aeo-questions,question,P4,/guides/instagram-reel-downloader-guide,guide,top,mapped
612,"can you download instagram videos",aeo-questions,question,P4,/guides/instagram-reel-downloader-guide,guide,top,mapped
613,"can I download an instagram reel",aeo-questions,question,P4,/guides/instagram-reel-downloader-guide,guide,top,mapped
614,"can I save an instagram reel",aeo-questions,question,P4,/guides/instagram-reel-downloader-guide,guide,top,mapped
615,"can I download a public reel",aeo-questions,question,P4,/guides/instagram-reel-downloader-guide,guide,top,mapped
616,"can I download reels without an app",aeo-questions,question,P4,/guides/instagram-reel-downloader-guide,guide,top,mapped
617,"can I download reels without login",aeo-questions,question,P4,/guides/instagram-reel-downloader-guide,guide,top,mapped
618,"can I download instagram reels on phone",aeo-questions,question,P4,/guides/instagram-reel-downloader-guide,guide,top,mapped
619,"can I download instagram reels on computer",aeo-questions,question,P4,/guides/instagram-reel-downloader-guide,guide,top,mapped
620,"can I download Instagram reels on iPhone",aeo-questions,question,P4,/guides/instagram-reel-downloader-guide,guide,top,mapped
621,"can I download Instagram reels on Android",aeo-questions,question,P4,/guides/instagram-reel-downloader-guide,guide,top,mapped
622,"can I download Instagram reels on PC",aeo-questions,question,P4,/guides/instagram-reel-downloader-guide,guide,top,mapped
623,"can I download Instagram reels on Mac",aeo-questions,question,P4,/guides/instagram-reel-downloader-guide,guide,top,mapped
624,"does instagram reel downloader work",aeo-questions,question,P4,/guides/instagram-reel-downloader-guide,guide,top,mapped
625,"does reel downloader work",aeo-questions,question,P4,/guides/instagram-reel-downloader-guide,guide,top,mapped
626,"does instagram reel downloader require login",aeo-questions,question,P4,/guides/instagram-reel-downloader-guide,guide,top,mapped
627,"is instagram reel downloader safe",aeo-questions,question,P4,/guides/instagram-reel-downloader-guide,guide,top,mapped
628,"is reel downloader safe",aeo-questions,question,P4,/guides/instagram-reel-downloader-guide,guide,top,mapped
629,"is it legal to download instagram reels",aeo-questions,question,P4,/guides/instagram-reel-downloader-guide,guide,top,mapped
630,"can you download public Instagram content",aeo-questions,question,P4,/guides/instagram-reel-downloader-guide,guide,top,mapped
631,"can I download Instagram reels legally",copyright,question,P4,/terms,legal,top,mapped
632,"is downloading Instagram reels legal",copyright,question,P4,/terms,legal,top,mapped
633,"can I save Instagram reels",copyright,question,P4,/terms,legal,top,mapped
634,"can I download public Instagram videos",copyright,question,P4,/terms,legal,top,mapped
635,"can I reuse downloaded Instagram reels",copyright,question,P4,/terms,legal,top,mapped
636,"can I repost downloaded Instagram reels",copyright,question,P4,/terms,legal,top,mapped
637,"can I use downloaded Instagram videos",copyright,question,P4,/terms,legal,top,mapped
638,"Instagram reel copyright",copyright,question,P4,/terms,legal,top,mapped
639,"Instagram video copyright",copyright,question,P4,/terms,legal,top,mapped
640,"Instagram download copyright",copyright,question,P4,/terms,legal,top,mapped
641,"public Instagram reel copyright",copyright,question,P4,/terms,legal,top,mapped
642,"Instagram reel download rights",copyright,question,P4,/terms,legal,top,mapped
643,"Instagram reel downloader copyright",copyright,question,P4,/terms,legal,top,mapped
644,"Instagram video downloader copyright",copyright,question,P4,/terms,legal,top,mapped
645,"copyright rules for Instagram reels",copyright,question,P4,/terms,legal,top,mapped
646,"downloading public Instagram content copyright",copyright,question,P4,/terms,legal,top,mapped
647,"Instagram reel reuse rights",copyright,question,P4,/terms,legal,top,mapped
648,"Instagram video reuse rights",copyright,question,P4,/terms,legal,top,mapped
649,"Instagram content download rights",copyright,question,P4,/terms,legal,top,mapped
650,"download Instagram reel with permission",copyright,question,P4,/terms,legal,top,mapped
651,"instagram reel downloader chrome",compatibility,informational,P3,/guides/instagram-reel-downloader-pc,guide,middle,mapped
652,"instagram reel downloader firefox",compatibility,informational,P3,/guides/instagram-reel-downloader-pc,guide,middle,mapped
653,"instagram reel downloader edge",compatibility,informational,P3,/guides/instagram-reel-downloader-pc,guide,middle,mapped
654,"instagram reel downloader safari",compatibility,informational,P3,/guides/instagram-reel-downloader-pc,guide,middle,mapped
655,"reel downloader chrome",compatibility,informational,P3,/guides/instagram-reel-downloader-pc,guide,middle,mapped
656,"reels downloader chrome",compatibility,informational,P3,/guides/instagram-reel-downloader-pc,guide,middle,mapped
657,"reel downloader firefox",compatibility,informational,P3,/guides/instagram-reel-downloader-pc,guide,middle,mapped
658,"reels downloader firefox",compatibility,informational,P3,/guides/instagram-reel-downloader-pc,guide,middle,mapped
659,"instagram video downloader chrome",compatibility,informational,P3,/guides/instagram-reel-downloader-pc,guide,middle,mapped
660,"instagram video downloader safari",compatibility,informational,P3,/guides/instagram-reel-downloader-pc,guide,middle,mapped
661,"instagram reel download chrome",compatibility,informational,P3,/guides/instagram-reel-downloader-pc,guide,middle,mapped
662,"instagram reel download firefox",compatibility,informational,P3,/guides/instagram-reel-downloader-pc,guide,middle,mapped
663,"instagram reel download safari",compatibility,informational,P3,/guides/instagram-reel-downloader-pc,guide,middle,mapped
664,"download Instagram reels browser",compatibility,informational,P3,/guides/instagram-reel-downloader-pc,guide,middle,mapped
665,"download Instagram reels Chrome",compatibility,informational,P3,/guides/instagram-reel-downloader-pc,guide,middle,mapped
666,"download Instagram reels Safari",compatibility,informational,P3,/guides/instagram-reel-downloader-pc,guide,middle,mapped
667,"download Instagram reels Firefox",compatibility,informational,P3,/guides/instagram-reel-downloader-pc,guide,middle,mapped
668,"download reels on browser",compatibility,informational,P3,/guides/instagram-reel-downloader-pc,guide,middle,mapped
669,"save reels in browser",compatibility,informational,P3,/guides/instagram-reel-downloader-pc,guide,middle,mapped
670,"online reel downloader browser",compatibility,informational,P3,/guides/instagram-reel-downloader-pc,guide,middle,mapped
671,"easy instagram reel downloader",speed-simple,transactional,P3,/instagram-reel-downloader,tool-page,bottom,mapped
672,"simple instagram reel downloader",speed-simple,transactional,P3,/instagram-reel-downloader,tool-page,bottom,mapped
673,"fast instagram reel downloader",speed-simple,transactional,P3,/instagram-reel-downloader,tool-page,bottom,mapped
674,"quick instagram reel downloader",speed-simple,transactional,P3,/instagram-reel-downloader,tool-page,bottom,mapped
675,"easy reel downloader",speed-simple,transactional,P3,/instagram-reel-downloader,tool-page,bottom,mapped
676,"simple reel downloader",speed-simple,transactional,P3,/instagram-reel-downloader,tool-page,bottom,mapped
677,"fast reel downloader",speed-simple,transactional,P3,/instagram-reel-downloader,tool-page,bottom,mapped
678,"quick reel downloader",speed-simple,transactional,P3,/instagram-reel-downloader,tool-page,bottom,mapped
679,"easy reels downloader",speed-simple,transactional,P3,/instagram-reel-downloader,tool-page,bottom,mapped
680,"simple reels downloader",speed-simple,transactional,P3,/instagram-reel-downloader,tool-page,bottom,mapped
681,"fast reels downloader",speed-simple,transactional,P3,/instagram-reel-downloader,tool-page,bottom,mapped
682,"quick reels downloader",speed-simple,transactional,P3,/instagram-reel-downloader,tool-page,bottom,mapped
683,"easiest instagram reel downloader",speed-simple,transactional,P3,/instagram-reel-downloader,tool-page,bottom,mapped
684,"easiest reel downloader",speed-simple,transactional,P3,/instagram-reel-downloader,tool-page,bottom,mapped
685,"simple way to download Instagram reels",speed-simple,transactional,P3,/instagram-reel-downloader,tool-page,bottom,mapped
686,"easy way to download Instagram reels",speed-simple,transactional,P3,/instagram-reel-downloader,tool-page,bottom,mapped
687,"quick way to download Instagram reels",speed-simple,transactional,P3,/instagram-reel-downloader,tool-page,bottom,mapped
688,"fast way to download Instagram reels",speed-simple,transactional,P3,/instagram-reel-downloader,tool-page,bottom,mapped
689,"simple Instagram reel download",speed-simple,transactional,P3,/instagram-reel-downloader,tool-page,bottom,mapped
690,"easy Instagram reel download",speed-simple,transactional,P3,/instagram-reel-downloader,tool-page,bottom,mapped
691,"download reels for inspiration",creator-research,informational,P3,/guides/instagram-reel-downloader-guide,guide,middle,mapped
692,"save Instagram reels for inspiration",creator-research,informational,P3,/guides/instagram-reel-downloader-guide,guide,middle,mapped
693,"save reels for content ideas",creator-research,informational,P3,/guides/instagram-reel-downloader-guide,guide,middle,mapped
694,"download Instagram reels for reference",creator-research,informational,P3,/guides/instagram-reel-downloader-guide,guide,middle,mapped
695,"save Instagram videos for reference",creator-research,informational,P3,/guides/instagram-reel-downloader-guide,guide,middle,mapped
696,"download public reels for research",creator-research,informational,P3,/guides/instagram-reel-downloader-guide,guide,middle,mapped
697,"save public reels for research",creator-research,informational,P3,/guides/instagram-reel-downloader-guide,guide,middle,mapped
698,"Instagram reel research tool",creator-research,informational,P3,/guides/instagram-reel-downloader-guide,guide,middle,mapped
699,"Instagram content research downloader",creator-research,informational,P3,/guides/instagram-reel-downloader-guide,guide,middle,mapped
700,"Instagram reel content research",creator-research,informational,P3,/guides/instagram-reel-downloader-guide,guide,middle,mapped
701,"save reels for editing reference",creator-research,informational,P3,/guides/instagram-reel-downloader-guide,guide,middle,mapped
702,"download reels for editing reference",creator-research,informational,P3,/guides/instagram-reel-downloader-guide,guide,middle,mapped
703,"save reels for creative inspiration",creator-research,informational,P3,/guides/instagram-reel-downloader-guide,guide,middle,mapped
704,"Instagram reels inspiration download",creator-research,informational,P3,/guides/instagram-reel-downloader-guide,guide,middle,mapped
705,"public reel research",creator-research,informational,P3,/guides/instagram-reel-downloader-guide,guide,middle,mapped
706,"download Instagram reels for marketing",business-marketing,informational,P3,/guides/instagram-reel-downloader-guide,guide,middle,mapped
707,"save Instagram reels for marketing",business-marketing,informational,P3,/guides/instagram-reel-downloader-guide,guide,middle,mapped
708,"Instagram reel downloader for marketers",business-marketing,informational,P3,/guides/instagram-reel-downloader-guide,guide,middle,mapped
709,"Instagram reels downloader for marketers",business-marketing,informational,P3,/guides/instagram-reel-downloader-guide,guide,middle,mapped
710,"Instagram video downloader for marketers",business-marketing,informational,P3,/guides/instagram-reel-downloader-guide,guide,middle,mapped
711,"save reels for social media marketing",business-marketing,informational,P3,/guides/instagram-reel-downloader-guide,guide,middle,mapped
712,"download reels for social media marketing",business-marketing,informational,P3,/guides/instagram-reel-downloader-guide,guide,middle,mapped
713,"Instagram content downloader for marketing",business-marketing,informational,P3,/guides/instagram-reel-downloader-guide,guide,middle,mapped
714,"public Instagram content downloader marketing",business-marketing,informational,P3,/guides/instagram-reel-downloader-guide,guide,middle,mapped
715,"save Instagram content for research",business-marketing,informational,P3,/guides/instagram-reel-downloader-guide,guide,middle,mapped
716,"Instagram reel research",business-marketing,informational,P3,/guides/instagram-reel-downloader-guide,guide,middle,mapped
717,"Instagram content research",business-marketing,informational,P3,/guides/instagram-reel-downloader-guide,guide,middle,mapped
718,"social media content research Instagram",business-marketing,informational,P3,/guides/instagram-reel-downloader-guide,guide,middle,mapped
719,"Instagram reel competitor research",business-marketing,informational,P3,/guides/instagram-reel-downloader-guide,guide,middle,mapped
720,"Instagram reels competitor research",business-marketing,informational,P3,/guides/instagram-reel-downloader-guide,guide,middle,mapped
721,"Instagram reel downloader for creators",creator-social,informational,P3,/guides/instagram-reel-downloader-guide,guide,middle,mapped
722,"Instagram reels downloader for creators",creator-social,informational,P3,/guides/instagram-reel-downloader-guide,guide,middle,mapped
723,"Instagram video downloader for creators",creator-social,informational,P3,/guides/instagram-reel-downloader-guide,guide,middle,mapped
724,"reel downloader for creators",creator-social,informational,P3,/guides/instagram-reel-downloader-guide,guide,middle,mapped
725,"reels downloader for creators",creator-social,informational,P3,/guides/instagram-reel-downloader-guide,guide,middle,mapped
726,"save Instagram reels for creators",creator-social,informational,P3,/guides/instagram-reel-downloader-guide,guide,middle,mapped
727,"download Instagram reels for creators",creator-social,informational,P3,/guides/instagram-reel-downloader-guide,guide,middle,mapped
728,"Instagram content downloader creator",creator-social,informational,P3,/guides/instagram-reel-downloader-guide,guide,middle,mapped
729,"Instagram reel research creator",creator-social,informational,P3,/guides/instagram-reel-downloader-guide,guide,middle,mapped
730,"Instagram video research creator",creator-social,informational,P3,/guides/instagram-reel-downloader-guide,guide,middle,mapped
731,"download public Instagram reel online free",extra-long-tail,transactional,P4,/public-instagram-reel-downloader,landing-page,bottom,mapped
732,"download public Instagram reels online free",extra-long-tail,transactional,P4,/public-instagram-reel-downloader,landing-page,bottom,mapped
733,"public Instagram reel downloader free",extra-long-tail,transactional,P4,/public-instagram-reel-downloader,landing-page,bottom,mapped
734,"public Instagram reels downloader free",extra-long-tail,transactional,P4,/public-instagram-reel-downloader,landing-page,bottom,mapped
735,"free public reel downloader",extra-long-tail,transactional,P4,/public-instagram-reel-downloader,landing-page,bottom,mapped
736,"free public reels downloader",extra-long-tail,transactional,P4,/public-instagram-reel-downloader,landing-page,bottom,mapped
737,"free public Instagram video downloader",extra-long-tail,transactional,P4,/public-instagram-reel-downloader,landing-page,bottom,mapped
738,"free public Instagram reel download",extra-long-tail,transactional,P4,/public-instagram-reel-downloader,landing-page,bottom,mapped
739,"free public Instagram reels download",extra-long-tail,transactional,P4,/public-instagram-reel-downloader,landing-page,bottom,mapped
740,"public Instagram reel download tool",extra-long-tail,transactional,P4,/public-instagram-reel-downloader,landing-page,bottom,mapped
741,"public Instagram reels download tool",extra-long-tail,transactional,P4,/public-instagram-reel-downloader,landing-page,bottom,mapped
742,"public reel download tool",extra-long-tail,transactional,P4,/public-instagram-reel-downloader,landing-page,bottom,mapped
743,"public reels download tool",extra-long-tail,transactional,P4,/public-instagram-reel-downloader,landing-page,bottom,mapped
744,"public Instagram video download tool",extra-long-tail,transactional,P4,/public-instagram-reel-downloader,landing-page,bottom,mapped
745,"online public reel download tool",extra-long-tail,transactional,P4,/public-instagram-reel-downloader,landing-page,bottom,mapped
746,"online public Instagram reel download tool",extra-long-tail,transactional,P4,/public-instagram-reel-downloader,landing-page,bottom,mapped
747,"online public Instagram video download",extra-long-tail,transactional,P4,/public-instagram-reel-downloader,landing-page,bottom,mapped
748,"public Instagram reel MP4 downloader",extra-long-tail,transactional,P4,/public-instagram-reel-downloader,landing-page,bottom,mapped
749,"public Instagram reels MP4 downloader",extra-long-tail,transactional,P4,/public-instagram-reel-downloader,landing-page,bottom,mapped
750,"public Instagram video MP4 downloader",extra-long-tail,transactional,P4,/public-instagram-reel-downloader,landing-page,bottom,mapped
751,"Instagram Reel",semantic,informational,P3,/guides/instagram-reel-downloader-guide,guide,top,mapped
752,"Instagram Reels",semantic,informational,P3,/guides/instagram-reel-downloader-guide,guide,top,mapped
753,"Reel URL",semantic,informational,P3,/guides/instagram-reel-downloader-guide,guide,top,mapped
754,"Reel link",semantic,informational,P3,/guides/instagram-reel-downloader-guide,guide,top,mapped
755,"public Reel",semantic,informational,P3,/guides/instagram-reel-downloader-guide,guide,top,mapped
756,"public Reels",semantic,informational,P3,/guides/instagram-reel-downloader-guide,guide,top,mapped
757,"Instagram video",semantic,informational,P3,/guides/instagram-reel-downloader-guide,guide,top,mapped
758,"Instagram videos",semantic,informational,P3,/guides/instagram-reel-downloader-guide,guide,top,mapped
759,"Instagram media",semantic,informational,P3,/guides/instagram-reel-downloader-guide,guide,top,mapped
760,"public media",semantic,informational,P3,/guides/instagram-reel-downloader-guide,guide,top,mapped
761,"video downloader",semantic,informational,P3,/guides/instagram-reel-downloader-guide,guide,top,mapped
762,"media downloader",semantic,informational,P3,/guides/instagram-reel-downloader-guide,guide,top,mapped
763,"online downloader",semantic,informational,P3,/guides/instagram-reel-downloader-guide,guide,top,mapped
764,"video download",semantic,informational,P3,/guides/instagram-reel-downloader-guide,guide,top,mapped
765,"media download",semantic,informational,P3,/guides/instagram-reel-downloader-guide,guide,top,mapped
766,"MP4",semantic,informational,P3,/guides/instagram-reel-downloader-guide,guide,top,mapped
767,"video file",semantic,informational,P3,/guides/instagram-reel-downloader-guide,guide,top,mapped
768,"browser",semantic,informational,P3,/guides/instagram-reel-downloader-guide,guide,top,mapped
769,"mobile",semantic,informational,P3,/guides/instagram-reel-downloader-guide,guide,top,mapped
770,"desktop",semantic,informational,P3,/guides/instagram-reel-downloader-guide,guide,top,mapped
771,"Android",semantic,informational,P3,/guides/instagram-reel-downloader-guide,guide,top,mapped
772,"iPhone",semantic,informational,P3,/guides/instagram-reel-downloader-guide,guide,top,mapped
773,"iOS",semantic,informational,P3,/guides/instagram-reel-downloader-guide,guide,top,mapped
774,"Windows",semantic,informational,P3,/guides/instagram-reel-downloader-guide,guide,top,mapped
775,"Mac",semantic,informational,P3,/guides/instagram-reel-downloader-guide,guide,top,mapped
776,"public URL",semantic,informational,P3,/guides/instagram-reel-downloader-guide,guide,top,mapped
777,"media URL",semantic,informational,P3,/guides/instagram-reel-downloader-guide,guide,top,mapped
778,"download button",semantic,informational,P3,/guides/instagram-reel-downloader-guide,guide,top,mapped
779,"download file",semantic,informational,P3,/guides/instagram-reel-downloader-guide,guide,top,mapped
780,"temporary download",semantic,informational,P3,/guides/instagram-reel-downloader-guide,guide,top,mapped
781,"processing",semantic,informational,P3,/guides/instagram-reel-downloader-guide,guide,top,mapped
782,"URL validation",semantic,informational,P3,/guides/instagram-reel-downloader-guide,guide,top,mapped
783,"supported URL",semantic,informational,P3,/guides/instagram-reel-downloader-guide,guide,top,mapped
784,"download availability",semantic,informational,P3,/guides/instagram-reel-downloader-guide,guide,top,mapped
785,"media processing",semantic,informational,P3,/guides/instagram-reel-downloader-guide,guide,top,mapped
786,"video processing",semantic,informational,P3,/guides/instagram-reel-downloader-guide,guide,top,mapped
787,"public content",semantic,informational,P3,/guides/instagram-reel-downloader-guide,guide,top,mapped
788,"online tool",semantic,informational,P3,/guides/instagram-reel-downloader-guide,guide,top,mapped
789,"web tool",semantic,informational,P3,/guides/instagram-reel-downloader-guide,guide,top,mapped
790,"browser tool",semantic,informational,P3,/guides/instagram-reel-downloader-guide,guide,top,mapped
791,"reeldrop",brand,navigational,P1,/,home,top,mapped
792,"reeldrop downloader",brand,navigational,P1,/,home,top,mapped
793,"reeldrop download",brand,navigational,P1,/,home,top,mapped
794,"reeldrop reel downloader",brand,navigational,P1,/,home,top,mapped
795,"reeldrop instagram downloader",brand,navigational,P1,/,home,top,mapped
796,"reeldrop instagram reel downloader",brand,navigational,P1,/,home,top,mapped
797,"reeldrop reels downloader",brand,navigational,P1,/,home,top,mapped
798,"reeldrop video downloader",brand,navigational,P1,/,home,top,mapped
799,"reeldrop online",brand,navigational,P1,/,home,top,mapped
800,"reeldrop website",brand,navigational,P1,/,home,top,mapped
801,"reeldrop tool",brand,navigational,P1,/,home,top,mapped
802,"reeldrop app",brand,navigational,P1,/,home,top,mapped
803,"reeldrop download reels",brand,navigational,P1,/,home,top,mapped
804,"reeldrop download instagram reels",brand,navigational,P1,/,home,top,mapped
805,"reeldrop public reel downloader",brand,navigational,P1,/,home,top,mapped
806,"How do I download an Instagram Reel?",aeo-question-bank,question,P4,/guides/how-to-download-instagram-reels,guide,top,mapped
807,"How do I download an Instagram Reel to my phone?",aeo-question-bank,question,P4,/guides/how-to-download-instagram-reels,guide,top,mapped
808,"How do I download an Instagram Reel to my computer?",aeo-question-bank,question,P4,/guides/how-to-download-instagram-reels,guide,top,mapped
809,"How do I download a public Instagram Reel?",aeo-question-bank,question,P4,/guides/how-to-download-instagram-reels,guide,top,mapped
810,"How do I save an Instagram Reel?",aeo-question-bank,question,P4,/guides/how-to-download-instagram-reels,guide,top,mapped
811,"How do I save a public Instagram Reel?",aeo-question-bank,question,P4,/guides/how-to-download-instagram-reels,guide,top,mapped
812,"How do I download Instagram Reels without an app?",aeo-question-bank,question,P4,/guides/how-to-download-instagram-reels,guide,top,mapped
813,"How do I download Instagram Reels without logging in?",aeo-question-bank,question,P4,/guides/how-to-download-instagram-reels,guide,top,mapped
814,"Can I download a public Instagram Reel?",aeo-question-bank,question,P4,/guides/how-to-download-instagram-reels,guide,top,mapped
815,"Can I download Instagram Reels on Android?",aeo-question-bank,question,P4,/guides/how-to-download-instagram-reels,guide,top,mapped
816,"Can I download Instagram Reels on iPhone?",aeo-question-bank,question,P4,/guides/how-to-download-instagram-reels,guide,top,mapped
817,"Can I download Instagram Reels on PC?",aeo-question-bank,question,P4,/guides/how-to-download-instagram-reels,guide,top,mapped
818,"Can I download Instagram Reels on Mac?",aeo-question-bank,question,P4,/guides/how-to-download-instagram-reels,guide,top,mapped
819,"Why isn't my Instagram Reel downloading?",aeo-question-bank,question,P4,/guides/how-to-download-instagram-reels,guide,top,mapped
820,"Why did my Instagram Reel download fail?",aeo-question-bank,question,P4,/guides/how-to-download-instagram-reels,guide,top,mapped
821,"Why isn't my public Instagram Reel working?",aeo-question-bank,question,P4,/guides/how-to-download-instagram-reels,guide,top,mapped
822,"Does every public Instagram Reel download?",aeo-question-bank,question,P4,/guides/how-to-download-instagram-reels,guide,top,mapped
823,"Does REELDROP require an Instagram login?",aeo-question-bank,question,P4,/guides/how-to-download-instagram-reels,guide,top,mapped
824,"Does REELDROP save Instagram passwords?",aeo-question-bank,question,P4,/guides/how-to-download-instagram-reels,guide,top,mapped
825,"Is REELDROP affiliated with Instagram?",aeo-question-bank,question,P4,/guides/how-to-download-instagram-reels,guide,top,mapped
826,"Is downloading Instagram Reels safe?",aeo-question-bank,question,P4,/guides/how-to-download-instagram-reels,guide,top,mapped
827,"What does REELDROP support?",aeo-question-bank,question,P4,/guides/how-to-download-instagram-reels,guide,top,mapped
828,"What URLs does REELDROP support?",aeo-question-bank,question,P4,/guides/how-to-download-instagram-reels,guide,top,mapped
829,"Why can one public Reel download and another cannot?",aeo-question-bank,question,P4,/guides/how-to-download-instagram-reels,guide,top,mapped
830,"Where is my downloaded Reel saved?",aeo-question-bank,question,P4,/guides/how-to-download-instagram-reels,guide,top,mapped
831,"What format does the Reel download use?",aeo-question-bank,question,P4,/guides/how-to-download-instagram-reels,guide,top,mapped
832,"Can I download Instagram videos?",aeo-question-bank,question,P4,/guides/how-to-download-instagram-reels,guide,top,mapped
833,"Can I download public Instagram videos?",aeo-question-bank,question,P4,/guides/how-to-download-instagram-reels,guide,top,mapped
834,"Can I use REELDROP on mobile?",aeo-question-bank,question,P4,/guides/how-to-download-instagram-reels,guide,top,mapped
835,"Can I use REELDROP on desktop?",aeo-question-bank,question,P4,/guides/how-to-download-instagram-reels,guide,top,mapped
836,"Why is my reel URL invalid?",troubleshooting-questions,problem-solving,P4,/guides/instagram-reel-downloader-guide,guide,post-download,mapped
837,"Why is my Instagram URL unsupported?",troubleshooting-questions,problem-solving,P4,/guides/instagram-reel-downloader-guide,guide,post-download,mapped
838,"Why does the download button not work?",troubleshooting-questions,problem-solving,P4,/guides/instagram-reel-downloader-guide,guide,post-download,mapped
839,"Why is my Reel processing?",troubleshooting-questions,problem-solving,P4,/guides/instagram-reel-downloader-guide,guide,post-download,mapped
840,"Why does Reel processing fail?",troubleshooting-questions,problem-solving,P4,/guides/instagram-reel-downloader-guide,guide,post-download,mapped
841,"Why does the downloader show an error?",troubleshooting-questions,problem-solving,P4,/guides/instagram-reel-downloader-guide,guide,post-download,mapped
842,"Why can't REELDROP access my Reel?",troubleshooting-questions,problem-solving,P4,/guides/instagram-reel-downloader-guide,guide,post-download,mapped
843,"Why can't a public Reel be downloaded?",troubleshooting-questions,problem-solving,P4,/guides/instagram-reel-downloader-guide,guide,post-download,mapped
844,"Why does an Instagram Reel become unavailable?",troubleshooting-questions,problem-solving,P4,/guides/instagram-reel-downloader-guide,guide,post-download,mapped
845,"Why does a Reel work on Instagram but not the downloader?",troubleshooting-questions,problem-solving,P4,/guides/instagram-reel-downloader-guide,guide,post-download,mapped
846,"Why did my download stop?",troubleshooting-questions,problem-solving,P4,/guides/instagram-reel-downloader-guide,guide,post-download,mapped
847,"Why is the download taking too long?",troubleshooting-questions,problem-solving,P4,/guides/instagram-reel-downloader-guide,guide,post-download,mapped
848,"Why does my download fail on mobile?",troubleshooting-questions,problem-solving,P4,/guides/instagram-reel-downloader-guide,guide,post-download,mapped
849,"Why does my download fail on iPhone?",troubleshooting-questions,problem-solving,P4,/guides/instagram-reel-downloader-guide,guide,post-download,mapped
850,"Why does my download fail on Android?",troubleshooting-questions,problem-solving,P4,/guides/instagram-reel-downloader-guide,guide,post-download,mapped
851,"Why does my download fail on PC?",troubleshooting-questions,problem-solving,P4,/guides/instagram-reel-downloader-guide,guide,post-download,mapped
852,"Why does my download fail on Mac?",troubleshooting-questions,problem-solving,P4,/guides/instagram-reel-downloader-guide,guide,post-download,mapped
853,"What should I do if my Reel won't download?",troubleshooting-questions,problem-solving,P4,/guides/instagram-reel-downloader-guide,guide,post-download,mapped
854,"What should I do if my Reel URL isn't supported?",troubleshooting-questions,problem-solving,P4,/guides/instagram-reel-downloader-guide,guide,post-download,mapped
855,"What does unsupported URL mean?",troubleshooting-questions,problem-solving,P4,/guides/instagram-reel-downloader-guide,guide,post-download,mapped
856,"Does REELDROP require an Instagram account?",trust-product-questions,question,P4,/privacy,legal,top,mapped
857,"Does REELDROP require an Instagram password?",trust-product-questions,question,P4,/privacy,legal,top,mapped
858,"Does REELDROP store Instagram credentials?",trust-product-questions,question,P4,/privacy,legal,top,mapped
859,"Does REELDROP bypass private accounts?",trust-product-questions,question,P4,/privacy,legal,top,unsupported-feature-explanation
860,"Can REELDROP download private Reels?",trust-product-questions,question,P4,/privacy,legal,top,unsupported-feature-explanation
861,"Can REELDROP bypass Instagram login?",trust-product-questions,question,P4,/privacy,legal,top,mapped
862,"Can REELDROP bypass Instagram privacy?",trust-product-questions,question,P4,/privacy,legal,top,mapped
863,"Does REELDROP access private content?",trust-product-questions,question,P4,/privacy,legal,top,unsupported-feature-explanation
864,"Is REELDROP an official Instagram service?",trust-product-questions,question,P4,/privacy,legal,top,mapped
865,"Is REELDROP affiliated with Instagram?",trust-product-questions,question,P4,/privacy,legal,top,mapped
866,"Does REELDROP store downloaded files?",trust-product-questions,question,P4,/privacy,legal,top,mapped
867,"How long are temporary files kept?",trust-product-questions,question,P4,/privacy,legal,top,mapped
868,"Does REELDROP store URLs?",trust-product-questions,question,P4,/privacy,legal,top,mapped
869,"Does REELDROP track users?",trust-product-questions,question,P4,/privacy,legal,top,mapped
870,"Is REELDROP free?",trust-product-questions,question,P4,/privacy,legal,top,mapped
